Releve number,Field releve number,Date (year/month/day),Year plot surveyed,Dataset,Surveyed by (PI of project),lat,lon,System for plant community name,Plant community name,Habitat Type,Cover abundance scale,Marker-symbol,Image_url1,Image_url2,Image_url3
255,HV-1,19940718,1994,Happy Valley vegetation (Walker et al. 1997),Donald A. 'Skip' Walker,69.15794444,-148.8205,Field Name,Dryas integrifolia-Lupinus arcticus,"Dry nonacidic tundra (Dryas integrifolia, including Dryas river terraces)",Braun-Blanquet (old),,http://static.gina.alaska.edu/geobotany/Happy_Valley_Photos/happyvalley_hv-1_plot.jpg,http://static.gina.alaska.edu/geobotany/Happy_Valley_Photos/happyvalley_hv-1_plotclose-up.jpg,http://static.gina.alaska.edu/geobotany/Happy_Valley_Photos/happyvalley_hv-1_soils.jpg
256,HV-2,19940718,1994,Happy Valley vegetation (Walker et al. 1997),Donald A. 'Skip' Walker,69.15788889,-148.82175,Field Name,Dryas integrifolia-Lupinus arcticus,"Dry nonacidic tundra (Dryas integrifolia, including Dryas river terraces)",Braun-Blanquet (old),,http://static.gina.alaska.edu/geobotany/Happy_Valley_Photos/happyvalley_hv-2_plot.jpg,http://static.gina.alaska.edu/geobotany/Happy_Valley_Photos/happyvalley_hv-2_plotclose-up.jpg,http://static.gina.alaska.edu/geobotany/Happy_Valley_Photos/happyvalley_hv-2_soils.jpg
257,HV-3,19940721,1994,Happy Valley vegetation (Walker et al. 1997),Donald A. 'Skip' Walker,69.16041667,-148.8245556,Field Name,Comarum palustre-Sparganium hyperboreum,"Aquatic forb marshes (Hippuris, Sparganium, Menyanthes, Utricularia, Ranunculus communities)",Braun-Blanquet (old),,http://static.gina.alaska.edu/geobotany/Happy_Valley_Photos/happyvalley_hv-3_plot.jpg,,
258,HV-4,19940721,1994,Happy Valley vegetation (Walker et al. 1997),Donald A. 'Skip' Walker,69.15825,-148.8249444,Field Name,Alnus viridis-Climacium dendroides,Alder communities,Braun-Blanquet (old),,http://static.gina.alaska.edu/geobotany/Happy_Valley_Photos/happyvalley_hv-4_plot.jpg,http://static.gina.alaska.edu/geobotany/Happy_Valley_Photos/happyvalley_hv-4_soils.jpg,
259,HV-5,19940721,1994,Happy Valley vegetation (Walker et al. 1997),Donald A. 'Skip' Walker,69.158,-148.8254722,Field Name,Alnus viridis-Climacium dendroides,Alder communities,Braun-Blanquet (old),,http://static.gina.alaska.edu/geobotany/Happy_Valley_Photos/happyvalley_hv-5_plot.jpg,http://static.gina.alaska.edu/geobotany/Happy_Valley_Photos/happyvalley_hv-5_plotclose-up.jpg,
260,HV-6,19940721,1994,Happy Valley vegetation (Walker et al. 1997),Donald A. 'Skip' Walker,69.15688889,-148.82375,Field Name,Dryas integrifolia-Lupinus arcticus,"Dry nonacidic tundra (Dryas integrifolia, including Dryas river terraces)",Braun-Blanquet (old),,http://static.gina.alaska.edu/geobotany/Happy_Valley_Photos/happyvalley_hv-6_plot.jpg,http://static.gina.alaska.edu/geobotany/Happy_Valley_Photos/happyvalley_hv-6_plotclose-up.jpg,http://static.gina.alaska.edu/geobotany/Happy_Valley_Photos/happyvalley_hv-6_soils.jpg
261,HV-7,19940718,1994,Happy Valley vegetation (Walker et al. 1997),Donald A. 'Skip' Walker,69.154,-148.821,Field Name,Epilobium latifolium-Hedysarum alpinum,"Ruderal riparian vegetation (Epilobium latifolium, Artemisia arctica, Trisetum spicatum, etc.)",Braun-Blanquet (old),,http://static.gina.alaska.edu/geobotany/Happy_Valley_Photos/happyvalley_hv-7_plot.jpg,,
262,HV-8,19940718,1994,Happy Valley vegetation (Walker et al. 1997),Donald A. 'Skip' Walker,69.152,-148.821,Field Name,Epilobium latifolium-Hedysarum alpinum,"Ruderal riparian vegetation (Epilobium latifolium, Artemisia arctica, Trisetum spicatum, etc.)",Braun-Blanquet (old),,http://static.gina.alaska.edu/geobotany/Happy_Valley_Photos/happyvalley_hv-8_plot.jpg,http://static.gina.alaska.edu/geobotany/Happy_Valley_Photos/happyvalley_hv-8_plotclose-up.jpg,
263,HV-9,19940718,1994,Happy Valley vegetation (Walker et al. 1997),Donald A. 'Skip' Walker,69.14675,-148.8289444,Field Name,Carex aquatilis-Eriophorum angustifolium,"Wet nonacidic tundra (Carex spp., Eriophorum spp.-Amblystegiaceae communities)",Braun-Blanquet (old),,http://static.gina.alaska.edu/geobotany/Happy_Valley_Photos/happyvalley_hv-9_plot.jpg,http://static.gina.alaska.edu/geobotany/Happy_Valley_Photos/happyvalley_hv-9_soils.jpg,
264,HV-10,19940718,1994,Happy Valley vegetation (Walker et al. 1997),Donald A. 'Skip' Walker,69.14677778,-148.8273889,Field Name,Dryas integrifolia-Lupinus arcticus,"Dry nonacidic tundra (Dryas integrifolia, including Dryas river terraces)",Braun-Blanquet (old),,http://static.gina.alaska.edu/geobotany/Happy_Valley_Photos/happyvalley_hv-10_plot.jpg,http://static.gina.alaska.edu/geobotany/Happy_Valley_Photos/happyvalley_hv-10_plotclose-up.jpg,http://static.gina.alaska.edu/geobotany/Happy_Valley_Photos/happyvalley_hv-10_soils.jpg
265,HV-11,19940718,1994,Happy Valley vegetation (Walker et al. 1997),Donald A. 'Skip' Walker,69.149,-148.827,Field Name,Salix alaxensis-Shepherdia canadensis,Willow shrub vegetation of riparian areas and warm habitats (south-facing slopes),Braun-Blanquet (old),,http://static.gina.alaska.edu/geobotany/Happy_Valley_Photos/happyvalley_hv-11_plot.jpg,http://static.gina.alaska.edu/geobotany/Happy_Valley_Photos/happyvalley_hv-11_soils.jpg,
266,HV-12,19940719,1994,Happy Valley vegetation (Walker et al. 1997),Donald A. 'Skip' Walker,69.137,-148.836,Field Name,Salix sp.-Betula nana,Willow shrub vegetation of riparian areas and warm habitats (south-facing slopes),Braun-Blanquet (old),,http://static.gina.alaska.edu/geobotany/Happy_Valley_Photos/happyvalley_hv-12_plot.jpg,http://static.gina.alaska.edu/geobotany/Happy_Valley_Photos/happyvalley_hv-12_plotclose-up.jpg,http://static.gina.alaska.edu/geobotany/Happy_Valley_Photos/happyvalley_hv-12_soils.jpg
267,HV-13,19940719,1994,Happy Valley vegetation (Walker et al. 1997),Donald A. 'Skip' Walker,69.137,-148.834,Field Name,Salix glauca-Lupinus arcticus,Willow shrub vegetation of riparian areas and warm habitats (south-facing slopes),Braun-Blanquet (old),,http://static.gina.alaska.edu/geobotany/Happy_Valley_Photos/happyvalley_hv-13_plot.jpg,,
268,HV-14,19940719,1994,Happy Valley vegetation (Walker et al. 1997),Donald A. 'Skip' Walker,69.13786111,-148.8330833,Field Name,Epilobium latifolium-Hedysarum alpinum,Willow shrub vegetation of riparian areas and warm habitats (south-facing slopes),Braun-Blanquet (old),,,,
269,HV-15,19940719,1994,Happy Valley vegetation (Walker et al. 1997),Donald A. 'Skip' Walker,69.135,-148.835,Field Name,Salix glauca-Lupinus arcticus,Willow shrub vegetation of riparian areas and warm habitats (south-facing slopes),Braun-Blanquet (old),,,,
270,HV-16,19940719,1994,Happy Valley vegetation (Walker et al. 1997),Donald A. 'Skip' Walker,69.132,-148.835,Field Name,Epilobium latifolium-Hedysarum alpinum,"Dry nonacidic tundra (Dryas integrifolia, including Dryas river terraces)",Braun-Blanquet (old),,http://static.gina.alaska.edu/geobotany/Happy_Valley_Photos/happyvalley_hv-16_plot.jpg,http://static.gina.alaska.edu/geobotany/Happy_Valley_Photos/happyvalley_hv-16_plotclose-up.jpg,
271,HV-17,19940719,1994,Happy Valley vegetation (Walker et al. 1997),Donald A. 'Skip' Walker,69.12533333,-148.8325,Field Name,Cassiope tetragona-Dryas integrifolia,Moist nonacidic tundra (Sedge-Dryas-Tomentypnum communities),Braun-Blanquet (old),,http://static.gina.alaska.edu/geobotany/Happy_Valley_Photos/happyvalley_hv-17_plot.jpg,http://static.gina.alaska.edu/geobotany/Happy_Valley_Photos/happyvalley_hv-17_plotclose-up.jpg,http://static.gina.alaska.edu/geobotany/Happy_Valley_Photos/happyvalley_hv-17_soils.jpg
272,HV-18,19940719,1994,Happy Valley vegetation (Walker et al. 1997),Donald A. 'Skip' Walker,69.12322222,-148.8323889,Field Name,Salix alaxensis-Shepherdia canadensis,Willow shrub vegetation of riparian areas and warm habitats (south-facing slopes),Braun-Blanquet (old),,http://static.gina.alaska.edu/geobotany/Happy_Valley_Photos/happyvalley_hv-18_plot.jpg,http://static.gina.alaska.edu/geobotany/Happy_Valley_Photos/happyvalley_hv-18_plotclose-up.jpg,http://static.gina.alaska.edu/geobotany/Happy_Valley_Photos/happyvalley_hv-18_soils.jpg
273,HV-19,19940719,1994,Happy Valley vegetation (Walker et al. 1997),Donald A. 'Skip' Walker,69.122,-148.833,Field Name,Salix glauca-Lupinus arcticus,Willow shrub vegetation of riparian areas and warm habitats (south-facing slopes),Braun-Blanquet (old),,http://static.gina.alaska.edu/geobotany/Happy_Valley_Photos/happyvalley_hv-19_plot.jpg,http://static.gina.alaska.edu/geobotany/Happy_Valley_Photos/happyvalley_hv-19_soils.jpg,
274,HV-20,19940720,1994,Happy Valley vegetation (Walker et al. 1997),Donald A. 'Skip' Walker,69.15833333,-148.8371667,Field Name,Eriophorum vaginatum-Sphagnum sp.,Moist to wet acidic tussock and nontussock (Eriophorum vaginatum-Carex bigelowii-Sphagnum-Hylocomium) tundra,Braun-Blanquet (old),,http://static.gina.alaska.edu/geobotany/Happy_Valley_Photos/happyvalley_hv-20_plot.jpg,http://static.gina.alaska.edu/geobotany/Happy_Valley_Photos/happyvalley_hv-20_plotclose-up.jpg,http://static.gina.alaska.edu/geobotany/Happy_Valley_Photos/happyvalley_hv-20_soils.jpg
275,HV-21,19940720,1994,Happy Valley vegetation (Walker et al. 1997),Donald A. 'Skip' Walker,69.15925,-148.8374167,Field Name,Eriophorum vaginatum-Sphagnum sp.,Moist to wet acidic tussock and nontussock (Eriophorum vaginatum-Carex bigelowii-Sphagnum-Hylocomium) tundra,Braun-Blanquet (old),,http://static.gina.alaska.edu/geobotany/Happy_Valley_Photos/happyvalley_hv-21_plot.jpg,http://static.gina.alaska.edu/geobotany/Happy_Valley_Photos/happyvalley_hv-21_plotclose-up.jpg,
276,HV-22,19940720,1994,Happy Valley vegetation (Walker et al. 1997),Donald A. 'Skip' Walker,69.15947222,-148.8375833,Field Name,Cassiope tetragona-Dryas integrifolia,"Shallow nonacidic snowbeds (Cassiope-Dryas-Tomentypnum, and Cassiope-Dryas-lichen communities)",Braun-Blanquet (old),,http://static.gina.alaska.edu/geobotany/Happy_Valley_Photos/happyvalley_hv-22_plot.jpg,http://static.gina.alaska.edu/geobotany/Happy_Valley_Photos/happyvalley_hv-22_plotclose-up.jpg,http://static.gina.alaska.edu/geobotany/Happy_Valley_Photos/happyvalley_hv-22_soils.jpg
277,HV-23,19940720,1994,Happy Valley vegetation (Walker et al. 1997),Donald A. 'Skip' Walker,69.15980556,-148.8375833,Field Name,Carex bigelowii-Tomentypnum nitens,Willow shrub vegetation of riparian areas and warm habitats (south-facing slopes),Braun-Blanquet (old),,http://static.gina.alaska.edu/geobotany/Happy_Valley_Photos/happyvalley_hv-23_plot.jpg,http://static.gina.alaska.edu/geobotany/Happy_Valley_Photos/happyvalley_hv-23_plotclose-up.jpg,http://static.gina.alaska.edu/geobotany/Happy_Valley_Photos/happyvalley_hv-23_soils.jpg
278,HV-24,19970720,1994,Happy Valley vegetation (Walker et al. 1997),Donald A. 'Skip' Walker,69.16008333,-148.8541389,Field Name,Salix sp.-Betula nana,Moist nonacidic tundra (Sedge-Dryas-Tomentypnum communities),Braun-Blanquet (old),,http://static.gina.alaska.edu/geobotany/Happy_Valley_Photos/happyvalley_hv-24_plot.jpg,http://static.gina.alaska.edu/geobotany/Happy_Valley_Photos/happyvalley_hv-24_plotclose-up.jpg,http://static.gina.alaska.edu/geobotany/Happy_Valley_Photos/happyvalley_hv-24_soils.jpg
279,HV-25,19970720,1994,Happy Valley vegetation (Walker et al. 1997),Donald A. 'Skip' Walker,69.16019444,-148.8375,Field Name,Salix sp.-Betula nana,Willow shrub vegetation of riparian areas and warm habitats (south-facing slopes),Braun-Blanquet (old),,http://static.gina.alaska.edu/geobotany/Happy_Valley_Photos/happyvalley_hv-25_plot.jpg,http://static.gina.alaska.edu/geobotany/Happy_Valley_Photos/happyvalley_hv-25_plotclose-up.jpg,
280,HV-26,19970724,1994,Happy Valley vegetation (Walker et al. 1997),Donald A. 'Skip' Walker,69.16030556,-148.8375278,Field Name,Eriophorum vaginatum-Sphagnum sp.,Moist to wet acidic tussock and nontussock (Eriophorum vaginatum-Carex bigelowii-Sphagnum-Hylocomium) tundra,Braun-Blanquet (old),,http://static.gina.alaska.edu/geobotany/Happy_Valley_Photos/happyvalley_hv-26_plot.jpg,http://static.gina.alaska.edu/geobotany/Happy_Valley_Photos/happyvalley_hv-26_plotclose-up.jpg,http://static.gina.alaska.edu/geobotany/Happy_Valley_Photos/happyvalley_hv-26_soils.jpg
281,HV-27,19940724,1994,Happy Valley vegetation (Walker et al. 1997),Donald A. 'Skip' Walker,69.16102778,-148.8375,Field Name,Eriophorum vaginatum-Sphagnum sp.,Moist to wet acidic low-shrub heaths (wet to moist Betula nana-Sphagnum heaths),Braun-Blanquet (old),,http://static.gina.alaska.edu/geobotany/Happy_Valley_Photos/happyvalley_hv-27_plot.jpg,http://static.gina.alaska.edu/geobotany/Happy_Valley_Photos/happyvalley_hv-27_soils.jpg,
282,HV-28,19940724,1994,Happy Valley vegetation (Walker et al. 1997),Donald A. 'Skip' Walker,69.16172222,-148.8378056,Field Name,Eriophorum vaginatum-Sphagnum sp.,Moist to wet acidic tussock and nontussock (Eriophorum vaginatum-Carex bigelowii-Sphagnum-Hylocomium) tundra,Braun-Blanquet (old),,http://static.gina.alaska.edu/geobotany/Happy_Valley_Photos/happyvalley_hv-28_plot.jpg,http://static.gina.alaska.edu/geobotany/Happy_Valley_Photos/happyvalley_hv-28_plotclose-up.jpg,http://static.gina.alaska.edu/geobotany/Happy_Valley_Photos/happyvalley_hv-28_soils.jpg
283,HV-29,19940724,1994,Happy Valley vegetation (Walker et al. 1997),Donald A. 'Skip' Walker,69.16341667,-148.8385833,Field Name,Eriophorum vaginatum-Sphagnum sp.,Moist to wet acidic tussock and nontussock (Eriophorum vaginatum-Carex bigelowii-Sphagnum-Hylocomium) tundra,Braun-Blanquet (old),,http://static.gina.alaska.edu/geobotany/Happy_Valley_Photos/happyvalley_hv-29_plot.jpg,http://static.gina.alaska.edu/geobotany/Happy_Valley_Photos/happyvalley_hv-29_plotclose-up.jpg,http://static.gina.alaska.edu/geobotany/Happy_Valley_Photos/happyvalley_hv-29_soils.jpg
284,HV-30,19970724,1994,Happy Valley vegetation (Walker et al. 1997),Donald A. 'Skip' Walker,69.16891667,-148.8429167,Field Name,Eriophorum vaginatum-Sphagnum sp.,Moist to wet acidic tussock and nontussock (Eriophorum vaginatum-Carex bigelowii-Sphagnum-Hylocomium) tundra,Braun-Blanquet (old),,http://static.gina.alaska.edu/geobotany/Happy_Valley_Photos/happyvalley_hv-30_plot.jpg,http://static.gina.alaska.edu/geobotany/Happy_Valley_Photos/happyvalley_hv-30_plotclose-up.jpg,http://static.gina.alaska.edu/geobotany/Happy_Valley_Photos/happyvalley_hv-30_soils.jpg
285,HV-31,19940731,1994,Happy Valley vegetation (Walker et al. 1997),Donald A. 'Skip' Walker,69.14880556,-148.8456389,Field Name,Carex bigelowii-Tomentypnum nitens,Moist nonacidic tundra (Sedge-Dryas-Tomentypnum communities),Braun-Blanquet (old),,http://static.gina.alaska.edu/geobotany/Happy_Valley_Photos/happyvalley_hv-31_plot.jpg,http://static.gina.alaska.edu/geobotany/Happy_Valley_Photos/happyvalley_hv-31_plotclose-up.jpg,http://static.gina.alaska.edu/geobotany/Happy_Valley_Photos/happyvalley_hv-31_soils.jpg
286,HV-32,19940726,1994,Happy Valley vegetation (Walker et al. 1997),Donald A. 'Skip' Walker,69.14625,-148.8391944,Field Name,Eriophorum vaginatum-Sphagnum sp.,Moist to wet acidic tussock and nontussock (Eriophorum vaginatum-Carex bigelowii-Sphagnum-Hylocomium) tundra,Braun-Blanquet (old),,http://static.gina.alaska.edu/geobotany/Happy_Valley_Photos/happyvalley_hv-32_plot.jpg,http://static.gina.alaska.edu/geobotany/Happy_Valley_Photos/happyvalley_hv-32_soils.jpg,
287,HV-33,19940726,1994,Happy Valley vegetation (Walker et al. 1997),Donald A. 'Skip' Walker,69.14638889,-148.85675,Field Name,Betula nana-Sphagnum sp.,Moist to wet acidic low-shrub heaths (wet to moist Betula nana-Sphagnum heaths),Braun-Blanquet (old),,http://static.gina.alaska.edu/geobotany/Happy_Valley_Photos/happyvalley_hv-33_plot.jpg,http://static.gina.alaska.edu/geobotany/Happy_Valley_Photos/happyvalley_hv-33_plotclose-up.jpg,http://static.gina.alaska.edu/geobotany/Happy_Valley_Photos/happyvalley_hv-33_soils.jpg
288,HV-34,19940726,1994,Happy Valley vegetation (Walker et al. 1997),Donald A. 'Skip' Walker,69.14663889,-148.85775,Field Name,Carex spp.-Sphagnum spp.,Willow shrub vegetation of riparian areas and warm habitats (south-facing slopes),Braun-Blanquet (old),,http://static.gina.alaska.edu/geobotany/Happy_Valley_Photos/happyvalley_hv-34_plot.jpg,http://static.gina.alaska.edu/geobotany/Happy_Valley_Photos/happyvalley_hv-34_plotclose-up.jpg,http://static.gina.alaska.edu/geobotany/Happy_Valley_Photos/happyvalley_hv-34_soils.jpg
289,HV-35,19940727,1994,Happy Valley vegetation (Walker et al. 1997),Donald A. 'Skip' Walker,69.14691667,-148.8579167,Field Name,Betula nana-Sphagnum sp.,Moist to wet acidic low-shrub heaths (wet to moist Betula nana-Sphagnum heaths),Braun-Blanquet (old),,http://static.gina.alaska.edu/geobotany/Happy_Valley_Photos/happyvalley_hv-35_plot.jpg,http://static.gina.alaska.edu/geobotany/Happy_Valley_Photos/happyvalley_hv-35_plotclose-up.jpg,http://static.gina.alaska.edu/geobotany/Happy_Valley_Photos/happyvalley_hv-35_soils.jpg
290,HV-36,19940727,1994,Happy Valley vegetation (Walker et al. 1997),Donald A. 'Skip' Walker,69.14680556,-148.8580556,Field Name,Betula nana-Sphagnum sp.,Willow shrub vegetation of riparian areas and warm habitats (south-facing slopes),Braun-Blanquet (old),,http://static.gina.alaska.edu/geobotany/Happy_Valley_Photos/happyvalley_hv-36_plot.jpg,http://static.gina.alaska.edu/geobotany/Happy_Valley_Photos/happyvalley_hv-36_soils.jpg,
291,HV-37,19940727,1994,Happy Valley vegetation (Walker et al. 1997),Donald A. 'Skip' Walker,69.14683333,-148.8582778,Field Name,Carex spp.-Sphagnum sp.,Willow shrub vegetation of riparian areas and warm habitats (south-facing slopes),Braun-Blanquet (old),,http://static.gina.alaska.edu/geobotany/Happy_Valley_Photos/happyvalley_hv-37_plot.jpg,http://static.gina.alaska.edu/geobotany/Happy_Valley_Photos/happyvalley_hv-37_soils.jpg,
292,HV-38,19940727,1994,Happy Valley vegetation (Walker et al. 1997),Donald A. 'Skip' Walker,69.14683333,-148.8584444,Field Name,Betula nana-Sphagnum sp.,Moist to wet acidic low-shrub heaths (wet to moist Betula nana-Sphagnum heaths),Braun-Blanquet (old),,http://static.gina.alaska.edu/geobotany/Happy_Valley_Photos/happyvalley_hv-38_plot.jpg,http://static.gina.alaska.edu/geobotany/Happy_Valley_Photos/happyvalley_hv-38_plotclose-up.jpg,http://static.gina.alaska.edu/geobotany/Happy_Valley_Photos/happyvalley_hv-38_soils.jpg
293,HV-39,19940727,1994,Happy Valley vegetation (Walker et al. 1997),Donald A. 'Skip' Walker,69.14705556,-148.8592222,Field Name,Eriophorum vaginatum-Sphagnum sp.,Moist to wet acidic tussock and nontussock (Eriophorum vaginatum-Carex bigelowii-Sphagnum-Hylocomium) tundra,Braun-Blanquet (old),,http://static.gina.alaska.edu/geobotany/Happy_Valley_Photos/happyvalley_hv-39_plot.jpg,http://static.gina.alaska.edu/geobotany/Happy_Valley_Photos/happyvalley_hv-39_plotclose-up.jpg,http://static.gina.alaska.edu/geobotany/Happy_Valley_Photos/happyvalley_hv-39_soils.jpg
294,HV-40,19940727,1994,Happy Valley vegetation (Walker et al. 1997),Donald A. 'Skip' Walker,69.146,-148.8611667,Field Name,Betula nana-Sphagnum sp.,Moist to wet acidic low-shrub heaths (wet to moist Betula nana-Sphagnum heaths),Braun-Blanquet (old),,http://static.gina.alaska.edu/geobotany/Happy_Valley_Photos/happyvalley_hv-40_plot.jpg,http://static.gina.alaska.edu/geobotany/Happy_Valley_Photos/happyvalley_hv-40_plotclose-up.jpg,http://static.gina.alaska.edu/geobotany/Happy_Valley_Photos/happyvalley_hv-40_soils.jpg
295,HV-41,19940726,1994,Happy Valley vegetation (Walker et al. 1997),Donald A. 'Skip' Walker,69.147,-148.851,Field Name,Luzula arctica-Anthelia juratzkana,"Frost boil vegetation in acidic tundra (Anthelia, Juncus communities)",Braun-Blanquet (old),,http://static.gina.alaska.edu/geobotany/Happy_Valley_Photos/happyvalley_hv-41_plot.jpg,http://static.gina.alaska.edu/geobotany/Happy_Valley_Photos/happyvalley_hv-41_soils.jpg,
296,HV-42a,19940726,1994,Happy Valley vegetation (Walker et al. 1997),Donald A. 'Skip' Walker,69.14561111,-148.8511944,Field Name,Eriophorum vaginatum-Sphagnum sp.,Moist to wet acidic tussock and nontussock (Eriophorum vaginatum-Carex bigelowii-Sphagnum-Hylocomium) tundra,Braun-Blanquet (old),,http://static.gina.alaska.edu/geobotany/Happy_Valley_Photos/happyvalley_hv-42A_plot.jpg,http://static.gina.alaska.edu/geobotany/Happy_Valley_Photos/happyvalley_hv-42A_plotclose-up.jpg,http://static.gina.alaska.edu/geobotany/Happy_Valley_Photos/happyvalley_hv-42A_soils.jpg
297,HV-42b,19940726,1994,Happy Valley vegetation (Walker et al. 1997),Donald A. 'Skip' Walker,69.14561111,-148.8511944,Field Name,Luzula arctica-Anthelia juratzkana,"Frost boil vegetation in acidic tundra (Anthelia, Juncus communities)",Braun-Blanquet (old),,,,
298,HV-43,19940725,1994,Happy Valley vegetation (Walker et al. 1997),Donald A. 'Skip' Walker,69.14475,-148.8473889,Field Name,Salix alaxensis-Shepherdia canadensis,Willow shrub vegetation of riparian areas and warm habitats (south-facing slopes),Braun-Blanquet (old),,http://static.gina.alaska.edu/geobotany/Happy_Valley_Photos/happyvalley_hv-43_plot.jpg,http://static.gina.alaska.edu/geobotany/Happy_Valley_Photos/happyvalley_hv-43_plotclose-up.jpg,http://static.gina.alaska.edu/geobotany/Happy_Valley_Photos/happyvalley_hv-43_soils.jpg
299,HV-44,19940725,1994,Happy Valley vegetation (Walker et al. 1997),Donald A. 'Skip' Walker,69.14461111,-148.84275,Field Name,Carex bigelowii-Tomentypnum nitens,Moist nonacidic tundra (Sedge-Dryas-Tomentypnum communities),Braun-Blanquet (old),,http://static.gina.alaska.edu/geobotany/Happy_Valley_Photos/happyvalley_hv-44_plot.jpg,http://static.gina.alaska.edu/geobotany/Happy_Valley_Photos/happyvalley_hv-44_soils.jpg,
300,HV-45,19940725,1994,Happy Valley vegetation (Walker et al. 1997),Donald A. 'Skip' Walker,69.14608333,-148.8430556,Field Name,Carex bigelowii-Tomentypnum nitens,Moist nonacidic tundra (Sedge-Dryas-Tomentypnum communities),Braun-Blanquet (old),,http://static.gina.alaska.edu/geobotany/Happy_Valley_Photos/happyvalley_hv-45_plot.jpg,http://static.gina.alaska.edu/geobotany/Happy_Valley_Photos/happyvalley_hv-45_plotclose-up.jpg,http://static.gina.alaska.edu/geobotany/Happy_Valley_Photos/happyvalley_hv-45_soils.jpg
301,HV-46,19940722,1994,Happy Valley vegetation (Walker et al. 1997),Donald A. 'Skip' Walker,69.16561111,-148.8553889,Field Name,Menyanthes trifoliata,"Aquatic forb marshes (Hippuris, Sparganium, Menyanthes, Utricularia, Ranunculus communities)",Braun-Blanquet (old),,http://static.gina.alaska.edu/geobotany/Happy_Valley_Photos/happyvalley_hv-46_plot.jpg,,
302,HV-47,19940727,1994,Happy Valley vegetation (Walker et al. 1997),Donald A. 'Skip' Walker,69.16530556,-148.8554444,Field Name,Carex chordorrhiza-Sphagnum orientale,Wet acidic Sphagnum-rich mires (bogs),Braun-Blanquet (old),,http://static.gina.alaska.edu/geobotany/Happy_Valley_Photos/happyvalley_hv-47_plot.jpg,http://static.gina.alaska.edu/geobotany/Happy_Valley_Photos/happyvalley_hv-47_plotclose-up.jpg,http://static.gina.alaska.edu/geobotany/Happy_Valley_Photos/happyvalley_hv-47_soils.jpg
303,HV-48,19940722,1994,Happy Valley vegetation (Walker et al. 1997),Donald A. 'Skip' Walker,69.165,-148.864,Field Name,Arctophila fulva,Aquatic grass marshes (Arctophila fulva),Braun-Blanquet (old),,http://static.gina.alaska.edu/geobotany/Happy_Valley_Photos/happyvalley_hv-48_plot.jpg,,
304,HV-49,19940722,1994,Happy Valley vegetation (Walker et al. 1997),Donald A. 'Skip' Walker,69.16561111,-148.8589167,Field Name,Carex spp.-Sphagnum spp.,Wet acidic Sphagnum-rich mires (bogs),Braun-Blanquet (old),,,,
305,HV-50,19940722,1994,Happy Valley vegetation (Walker et al. 1997),Donald A. 'Skip' Walker,69.16591667,-148.8604167,Field Name,Carex spp.-Sphagnum spp.,Wet acidic Sphagnum-rich mires (bogs),Braun-Blanquet (old),,http://static.gina.alaska.edu/geobotany/Happy_Valley_Photos/happyvalley_hv-50_plot.jpg,http://static.gina.alaska.edu/geobotany/Happy_Valley_Photos/happyvalley_hv-50_plotclose-up.jpg,http://static.gina.alaska.edu/geobotany/Happy_Valley_Photos/happyvalley_hv-50_soils.jpg
306,HV-51,19940722,1994,Happy Valley vegetation (Walker et al. 1997),Donald A. 'Skip' Walker,69.164,-148.867,Field Name,Carex chordorrhiza-Sphagnum orientale,Wet acidic Sphagnum-rich mires (bogs),Braun-Blanquet (old),,http://static.gina.alaska.edu/geobotany/Happy_Valley_Photos/happyvalley_hv-51_plot.jpg,http://static.gina.alaska.edu/geobotany/Happy_Valley_Photos/happyvalley_hv-51_plotclose-up.jpg,
307,HV-52,19940722,1994,Happy Valley vegetation (Walker et al. 1997),Donald A. 'Skip' Walker,69.16502778,-148.8676667,Field Name,Carex spp.-Sphagnum spp.,Wet acidic Sphagnum-rich mires (bogs),Braun-Blanquet (old),,http://static.gina.alaska.edu/geobotany/Happy_Valley_Photos/happyvalley_hv-52_plot.jpg,http://static.gina.alaska.edu/geobotany/Happy_Valley_Photos/happyvalley_hv-52_soils.jpg,
308,HV-53,19940722,1994,Happy Valley vegetation (Walker et al. 1997),Donald A. 'Skip' Walker,69.16477778,-148.8684722,Field Name,Carex spp.-Sphagnum spp.,Wet acidic Sphagnum-rich mires (bogs),Braun-Blanquet (old),,http://static.gina.alaska.edu/geobotany/Happy_Valley_Photos/happyvalley_hv-53_plot.jpg,http://static.gina.alaska.edu/geobotany/Happy_Valley_Photos/happyvalley_hv-53_plotclose-up.jpg,
309,HV-54,19940722,1994,Happy Valley vegetation (Walker et al. 1997),Donald A. 'Skip' Walker,69.16569444,-148.8622778,Field Name,Carex chordorrhiza-Sphagnum orientale,Wet acidic Sphagnum-rich mires (bogs),Braun-Blanquet (old),,http://static.gina.alaska.edu/geobotany/Happy_Valley_Photos/happyvalley_hv-54_plot.jpg,http://static.gina.alaska.edu/geobotany/Happy_Valley_Photos/happyvalley_hv-54_plotclose-up.jpg,http://static.gina.alaska.edu/geobotany/Happy_Valley_Photos/happyvalley_hv-54_soils.jpg
310,HV-55,19940722,1994,Happy Valley vegetation (Walker et al. 1997),Donald A. 'Skip' Walker,69.16591667,-148.8618611,Braun-Blanquet Name,Carex spp.-Sphagnum spp.,Wet acidic Sphagnum-rich mires (bogs),Braun-Blanquet (old),,http://static.gina.alaska.edu/geobotany/Happy_Valley_Photos/happyvalley_hv-55_plot.jpg,http://static.gina.alaska.edu/geobotany/Happy_Valley_Photos/happyvalley_hv-55_soils.jpg,