Turboveg releve number,Field releve number,Modified releve number for plot map,Date (year/month/day),Year plot surveyed,Dataset,Surveyed by (PI of project),lat,lon,System for plant community name,Plant community name,Habitat Type,Cover abundance scale,Marker-symbol,image_url1,image_url2,image_url3
13003,BEO_FC1,BEO_FC1,20140726,2014,Flux Towers-Zona  (Davidson et al. 2016a and Davidson 2016b),Scott J. Davidson,71.28122,-156.61326,Field Name,Mesic sedge-grass-herb meadow tundra,"Poor fens, slightly acidic organic soils (sedge-dwarf-shrub-Sphagnum)",Percent,,http://static.gina.alaska.edu/geobotany/flux_towers_zona/BEO_FC1.jpg,,
13004,BEO_FC4,BEO_FC4,20140726,2014,Flux Towers-Zona  (Davidson et al. 2016a and Davidson 2016b),Scott J. Davidson,71.28103,-156.61441,Field Name,Mesic sedge-grass-herb meadow tundra,"Poor fens, slightly acidic organic soils (sedge-dwarf-shrub-Sphagnum)",Percent,,http://static.gina.alaska.edu/geobotany/flux_towers_zona/BEO_FC4.jpg,,
13005,BEO_FC7,BEO_FC7,20140726,2014,Flux Towers-Zona  (Davidson et al. 2016a and Davidson 2016b),Scott J. Davidson,71.28126,-156.61432,Field Name,Mesic sedge-grass-herb meadow tundra,"Poor fens, slightly acidic organic soils (sedge-dwarf-shrub-Sphagnum)",Percent,,http://static.gina.alaska.edu/geobotany/flux_towers_zona/BEO_FC7.jpg,,
13006,BEO_FC10,BEO_FC10,20140726,2014,Flux Towers-Zona  (Davidson et al. 2016a and Davidson 2016b),Scott J. Davidson,71.28161,-156.61422,Field Name,Mesic sedge-grass-herb meadow tundra,"Poor fens, slightly acidic organic soils (sedge-dwarf-shrub-Sphagnum)",Percent,,http://static.gina.alaska.edu/geobotany/flux_towers_zona/BEO_FC10.jpg,,
13007,BEO_FC13,BEO_FC13,20140726,2014,Flux Towers-Zona  (Davidson et al. 2016a and Davidson 2016b),Scott J. Davidson,71.28131,-156.61467,Field Name,Mesic sedge-grass-herb meadow tundra,"Poor fens, slightly acidic organic soils (sedge-dwarf-shrub-Sphagnum)",Percent,,http://static.gina.alaska.edu/geobotany/flux_towers_zona/BEO_FC13.jpg,,
13008,BEO_FC17,BEO_FC17,20140726,2014,Flux Towers-Zona  (Davidson et al. 2016a and Davidson 2016b),Scott J. Davidson,71.28081,-156.61424,Field Name,Mesic sedge-grass-herb meadow tundra,"Poor fens, slightly acidic organic soils (sedge-dwarf-shrub-Sphagnum)",Percent,,http://static.gina.alaska.edu/geobotany/flux_towers_zona/BEO_FC17.jpg,,
13009,BEO_FC19,BEO_FC19,20140726,2014,Flux Towers-Zona  (Davidson et al. 2016a and Davidson 2016b),Scott J. Davidson,71.28049,-156.61436,Field Name,Mesic sedge-grass-herb meadow tundra,"Poor fens, slightly acidic organic soils (sedge-dwarf-shrub-Sphagnum)",Percent,,http://static.gina.alaska.edu/geobotany/flux_towers_zona/BEO_FC19.jpg,,
13010,BEO_FC22,BEO_FC22,20140726,2014,Flux Towers-Zona  (Davidson et al. 2016a and Davidson 2016b),Scott J. Davidson,71.28062,-156.61271,Field Name,Mesic sedge-grass-herb meadow tundra,"Poor fens, slightly acidic organic soils (sedge-dwarf-shrub-Sphagnum)",Percent,,http://static.gina.alaska.edu/geobotany/flux_towers_zona/BEO_FC22.jpg,,
13011,BEO_FC24,BEO_FC24,20140726,2014,Flux Towers-Zona  (Davidson et al. 2016a and Davidson 2016b),Scott J. Davidson,71.2804,-156.61238,Field Name,Mesic sedge-grass-herb meadow tundra,"Poor fens, slightly acidic organic soils (sedge-dwarf-shrub-Sphagnum)",Percent,,http://static.gina.alaska.edu/geobotany/flux_towers_zona/BEO_FC24.jpg,,
13012,BEO_FC26,BEO_FC26,20140726,2014,Flux Towers-Zona  (Davidson et al. 2016a and Davidson 2016b),Scott J. Davidson,71.28004,-156.61278,Field Name,Mesic sedge-grass-herb meadow tundra,"Poor fens, slightly acidic organic soils (sedge-dwarf-shrub-Sphagnum)",Percent,,http://static.gina.alaska.edu/geobotany/flux_towers_zona/BEO_FC26.jpg,,
13013,BEO_HC5,BEO_HC5,20140726,2014,Flux Towers-Zona  (Davidson et al. 2016a and Davidson 2016b),Scott J. Davidson,71.2795,-156.61001,Field Name,Dry lichen heath tundra,"Poor fens, slightly acidic organic soils (sedge-dwarf-shrub-Sphagnum)",Percent,,http://static.gina.alaska.edu/geobotany/flux_towers_zona/BEO_HC5.JPG,,
13014,BEO_HC7,BEO_HC7,20140726,2014,Flux Towers-Zona  (Davidson et al. 2016a and Davidson 2016b),Scott J. Davidson,71.27937,-156.6097,Field Name,Dry lichen heath tundra,"Poor fens, slightly acidic organic soils (sedge-dwarf-shrub-Sphagnum)",Percent,,http://static.gina.alaska.edu/geobotany/flux_towers_zona/BEO_HC7.JPG,,
13015,BEO_HC10,BEO_HC10,20140726,2014,Flux Towers-Zona  (Davidson et al. 2016a and Davidson 2016b),Scott J. Davidson,71.2792,-156.61027,Field Name,Dry lichen heath tundra,"Poor fens, slightly acidic organic soils (sedge-dwarf-shrub-Sphagnum)",Percent,,http://static.gina.alaska.edu/geobotany/flux_towers_zona/BEO_HC10.jpg,,
13016,BEO_HC12,BEO_HC12,20140726,2014,Flux Towers-Zona  (Davidson et al. 2016a and Davidson 2016b),Scott J. Davidson,71.27903,-156.6103,Field Name,Dry lichen heath tundra,"Poor fens, slightly acidic organic soils (sedge-dwarf-shrub-Sphagnum)",Percent,,http://static.gina.alaska.edu/geobotany/flux_towers_zona/BEO_HC12.JPG,,
13017,BEO_HC13,BEO_HC13,20140726,2014,Flux Towers-Zona  (Davidson et al. 2016a and Davidson 2016b),Scott J. Davidson,71.27867,-156.61058,Field Name,Dry lichen heath tundra,"Poor fens, slightly acidic organic soils (sedge-dwarf-shrub-Sphagnum)",Percent,,http://static.gina.alaska.edu/geobotany/flux_towers_zona/BEO_HC13.JPG,,
13018,BEO_HC14,BEO_HC14,20140726,2014,Flux Towers-Zona  (Davidson et al. 2016a and Davidson 2016b),Scott J. Davidson,71.27886,-156.61043,Field Name,Dry lichen heath tundra,"Poor fens, slightly acidic organic soils (sedge-dwarf-shrub-Sphagnum)",Percent,,http://static.gina.alaska.edu/geobotany/flux_towers_zona/BEO_HC14.JPG,,
13019,BEO_HC17,BEO_HC17,20140726,2014,Flux Towers-Zona  (Davidson et al. 2016a and Davidson 2016b),Scott J. Davidson,71.2785,-156.61004,Field Name,Dry lichen heath tundra,"Poor fens, slightly acidic organic soils (sedge-dwarf-shrub-Sphagnum)",Percent,,http://static.gina.alaska.edu/geobotany/flux_towers_zona/BEO_HC17.JPG,,
13020,BEO_HC20,BEO_HC20,20140726,2014,Flux Towers-Zona  (Davidson et al. 2016a and Davidson 2016b),Scott J. Davidson,71.27833,-156.61017,Field Name,Dry lichen heath tundra,"Poor fens, slightly acidic organic soils (sedge-dwarf-shrub-Sphagnum)",Percent,,http://static.gina.alaska.edu/geobotany/flux_towers_zona/BEO_HC20.JPG,,
13021,BEO_HC22,BEO_HC22,20140726,2014,Flux Towers-Zona  (Davidson et al. 2016a and Davidson 2016b),Scott J. Davidson,71.27833,-156.6098,Field Name,Dry lichen heath tundra,"Poor fens, slightly acidic organic soils (sedge-dwarf-shrub-Sphagnum)",Percent,,http://static.gina.alaska.edu/geobotany/flux_towers_zona/BEO_HC22.JPG,,
13022,BEO_HC24,BEO_HC24,20140726,2014,Flux Towers-Zona  (Davidson et al. 2016a and Davidson 2016b),Scott J. Davidson,71.27819,-156.60975,Field Name,Dry lichen heath tundra,"Poor fens, slightly acidic organic soils (sedge-dwarf-shrub-Sphagnum)",Percent,,http://static.gina.alaska.edu/geobotany/flux_towers_zona/BEO_HC24.JPG,,
13023,BEO_LC1,BEO_LC1,20140726,2014,Flux Towers-Zona  (Davidson et al. 2016a and Davidson 2016b),Scott J. Davidson,71.28082,-156.61373,Field Name,Wet sedge meadow tundra,"Sedge-brown-moss fens, peats and peaty mineral soils.",Percent,,http://static.gina.alaska.edu/geobotany/flux_towers_zona/BEO_LC1.jpg,,
13024,BEO_LC4,BEO_LC4,20140726,2014,Flux Towers-Zona  (Davidson et al. 2016a and Davidson 2016b),Scott J. Davidson,71.28032,-156.61333,Field Name,Wet sedge meadow tundra,"Sedge-brown-moss fens, peats and peaty mineral soils.",Percent,,http://static.gina.alaska.edu/geobotany/flux_towers_zona/BEO_LC4.jpg,,
13025,BEO_LC6,BEO_LC6,20140726,2014,Flux Towers-Zona  (Davidson et al. 2016a and Davidson 2016b),Scott J. Davidson,71.28026,-156.6122,Field Name,Wet sedge meadow tundra,"Sedge-brown-moss fens, peats and peaty mineral soils.",Percent,,http://static.gina.alaska.edu/geobotany/flux_towers_zona/BEO_LC6.jpg,,
13026,BEO_LC8,BEO_LC8,20140726,2014,Flux Towers-Zona  (Davidson et al. 2016a and Davidson 2016b),Scott J. Davidson,71.28084,-156.61167,Field Name,Wet sedge meadow tundra,"Sedge-brown-moss fens, peats and peaty mineral soils.",Percent,,http://static.gina.alaska.edu/geobotany/flux_towers_zona/BEO_LC8.jpg,,
13027,BEO_LC11,BEO_LC11,20140726,2014,Flux Towers-Zona  (Davidson et al. 2016a and Davidson 2016b),Scott J. Davidson,71.28109,-156.61142,Field Name,Wet sedge meadow tundra,"Sedge-brown-moss fens, peats and peaty mineral soils.",Percent,,http://static.gina.alaska.edu/geobotany/flux_towers_zona/BEO_LC11.jpg,,
13028,BEO_LC15,BEO_LC15,20140726,2014,Flux Towers-Zona  (Davidson et al. 2016a and Davidson 2016b),Scott J. Davidson,71.28079,-156.6104,Field Name,Wet sedge meadow tundra,"Sedge-brown-moss fens, peats and peaty mineral soils.",Percent,,http://static.gina.alaska.edu/geobotany/flux_towers_zona/BEO_LC15.jpg,,
13029,BEO_LC16,BEO_LC16,20140726,2014,Flux Towers-Zona  (Davidson et al. 2016a and Davidson 2016b),Scott J. Davidson,71.28068,-156.61014,Field Name,Wet sedge meadow tundra,"Sedge-brown-moss fens, peats and peaty mineral soils.",Percent,,http://static.gina.alaska.edu/geobotany/flux_towers_zona/BEO_LC16.jpg,,
13030,BEO_LC19,BEO_LC19,20140726,2014,Flux Towers-Zona  (Davidson et al. 2016a and Davidson 2016b),Scott J. Davidson,71.28103,-156.61025,Field Name,Wet sedge meadow tundra,"Sedge-brown-moss fens, peats and peaty mineral soils.",Percent,,http://static.gina.alaska.edu/geobotany/flux_towers_zona/BEO_LC19.jpg,,
13031,BEO_LC27,BEO_LC27,20140726,2014,Flux Towers-Zona  (Davidson et al. 2016a and Davidson 2016b),Scott J. Davidson,71.28171,-156.61151,Field Name,Wet sedge meadow tundra,"Sedge-brown-moss fens, peats and peaty mineral soils.",Percent,,http://static.gina.alaska.edu/geobotany/flux_towers_zona/BEO_LC27.jpg,,
13032,BEO_LC30,BEO_LC30,20140726,2014,Flux Towers-Zona  (Davidson et al. 2016a and Davidson 2016b),Scott J. Davidson,71.28207,-156.61174,Field Name,Wet sedge meadow tundra,"Sedge-brown-moss fens, peats and peaty mineral soils.",Percent,,,,
13033,BEO_R2,BEO_R2,20140726,2014,Flux Towers-Zona  (Davidson et al. 2016a and Davidson 2016b),Scott J. Davidson,71.2812,-156.61393,Field Name,Mesic sedge-grass-herb meadow tundra,"Poor fens, slightly acidic organic soils (sedge-dwarf-shrub-Sphagnum)",Percent,,http://static.gina.alaska.edu/geobotany/flux_towers_zona/BEO_R2.jpg,,
13034,BEO_R4,BEO_R4,20140726,2014,Flux Towers-Zona  (Davidson et al. 2016a and Davidson 2016b),Scott J. Davidson,71.28086,-156.61381,Field Name,Mesic sedge-grass-herb meadow tundra,"Poor fens, slightly acidic organic soils (sedge-dwarf-shrub-Sphagnum)",Percent,,http://static.gina.alaska.edu/geobotany/flux_towers_zona/BEO_R4.jpg,,
13035,BEO_R8,BEO_R8,20140726,2014,Flux Towers-Zona  (Davidson et al. 2016a and Davidson 2016b),Scott J. Davidson,71.28045,-156.6144,Field Name,Mesic sedge-grass-herb meadow tundra,"Poor fens, slightly acidic organic soils (sedge-dwarf-shrub-Sphagnum)",Percent,,http://static.gina.alaska.edu/geobotany/flux_towers_zona/BEO_R8.jpg,,
13036,BEO_R11,BEO_R11,20140726,2014,Flux Towers-Zona  (Davidson et al. 2016a and Davidson 2016b),Scott J. Davidson,71.28053,-156.61264,Field Name,Mesic sedge-grass-herb meadow tundra,"Poor fens, slightly acidic organic soils (sedge-dwarf-shrub-Sphagnum)",Percent,,http://static.gina.alaska.edu/geobotany/flux_towers_zona/BEO_R11.jpg,,
13037,BEO_R14,BEO_R14,20140726,2014,Flux Towers-Zona  (Davidson et al. 2016a and Davidson 2016b),Scott J. Davidson,71.2803,-156.61255,Field Name,Mesic sedge-grass-herb meadow tundra,"Poor fens, slightly acidic organic soils (sedge-dwarf-shrub-Sphagnum)",Percent,,http://static.gina.alaska.edu/geobotany/flux_towers_zona/BEO_R14.jpg,,
13038,BEO_R17,BEO_R17,20140726,2014,Flux Towers-Zona  (Davidson et al. 2016a and Davidson 2016b),Scott J. Davidson,71.28017,-156.6121,Field Name,Mesic sedge-grass-herb meadow tundra,"Poor fens, slightly acidic organic soils (sedge-dwarf-shrub-Sphagnum)",Percent,,http://static.gina.alaska.edu/geobotany/flux_towers_zona/BEO_R17.jpg,,
13039,BEO_R22,BEO_R22,20140726,2014,Flux Towers-Zona  (Davidson et al. 2016a and Davidson 2016b),Scott J. Davidson,71.28085,-156.61176,Field Name,Mesic sedge-grass-herb meadow tundra,"Poor fens, slightly acidic organic soils (sedge-dwarf-shrub-Sphagnum)",Percent,,http://static.gina.alaska.edu/geobotany/flux_towers_zona/BEO_R22.jpg,,
13040,BEO_R20,BEO_R20,20140726,2014,Flux Towers-Zona  (Davidson et al. 2016a and Davidson 2016b),Scott J. Davidson,71.28118,-156.61188,Field Name,Mesic sedge-grass-herb meadow tundra,"Poor fens, slightly acidic organic soils (sedge-dwarf-shrub-Sphagnum)",Percent,,http://static.gina.alaska.edu/geobotany/flux_towers_zona/BEO_R20.jpg,,
13041,BEO_R25,BEO_R25,20140726,2014,Flux Towers-Zona  (Davidson et al. 2016a and Davidson 2016b),Scott J. Davidson,71.28106,-156.61089,Field Name,Mesic sedge-grass-herb meadow tundra,"Poor fens, slightly acidic organic soils (sedge-dwarf-shrub-Sphagnum)",Percent,,http://static.gina.alaska.edu/geobotany/flux_towers_zona/BEO_R25.jpg,,
13042,BEO_R28,BEO_R28,20140726,2014,Flux Towers-Zona  (Davidson et al. 2016a and Davidson 2016b),Scott J. Davidson,71.28126,-156.6106,Field Name,Mesic sedge-grass-herb meadow tundra,"Poor fens, slightly acidic organic soils (sedge-dwarf-shrub-Sphagnum)",Percent,,http://static.gina.alaska.edu/geobotany/flux_towers_zona/BEO_R28.jpg,,
13043,BEO_T1,BEO_T1,20140726,2014,Flux Towers-Zona  (Davidson et al. 2016a and Davidson 2016b),Scott J. Davidson,71.28121,-156.61358,Field Name,Wet sedge meadow tundra,"Moist to wet coastal sedge-grass tundra calcareous slightly saline soils (Carex stans-Saxifraga cernua, Dupontia fisheri)",Percent,,http://static.gina.alaska.edu/geobotany/flux_towers_zona/BEO_T1.jpg,,
13044,BEO_T5,BEO_T5,20140726,2014,Flux Towers-Zona  (Davidson et al. 2016a and Davidson 2016b),Scott J. Davidson,71.28139,-156.61457,Field Name,Wet sedge meadow tundra,"Moist to wet coastal sedge-grass tundra calcareous slightly saline soils (Carex stans-Saxifraga cernua, Dupontia fisheri)",Percent,,http://static.gina.alaska.edu/geobotany/flux_towers_zona/BEO_T5.jpg,,
13045,BEO_T8,BEO_T8,20140726,2014,Flux Towers-Zona  (Davidson et al. 2016a and Davidson 2016b),Scott J. Davidson,71.28078,-156.61482,Field Name,Wet sedge meadow tundra,"Moist to wet coastal sedge-grass tundra calcareous slightly saline soils (Carex stans-Saxifraga cernua, Dupontia fisheri)",Percent,,http://static.gina.alaska.edu/geobotany/flux_towers_zona/BEO_T8.jpg,,
13046,BEO_T12,BEO_T12,20140726,2014,Flux Towers-Zona  (Davidson et al. 2016a and Davidson 2016b),Scott J. Davidson,71.28028,-156.61351,Field Name,Wet sedge meadow tundra,"Moist to wet coastal sedge-grass tundra calcareous slightly saline soils (Carex stans-Saxifraga cernua, Dupontia fisheri)",Percent,,http://static.gina.alaska.edu/geobotany/flux_towers_zona/BEO_T12.jpg,,
13047,BEO_T13,BEO_T13,20140726,2014,Flux Towers-Zona  (Davidson et al. 2016a and Davidson 2016b),Scott J. Davidson,71.28044,-156.61309,Field Name,Wet sedge meadow tundra,"Moist to wet coastal sedge-grass tundra calcareous slightly saline soils (Carex stans-Saxifraga cernua, Dupontia fisheri)",Percent,,http://static.gina.alaska.edu/geobotany/flux_towers_zona/BEO_T13.jpg,,
13048,BEO_T17,BEO_T17,20140726,2014,Flux Towers-Zona  (Davidson et al. 2016a and Davidson 2016b),Scott J. Davidson,71.28019,-156.61209,Field Name,Wet sedge meadow tundra,"Moist to wet coastal sedge-grass tundra calcareous slightly saline soils (Carex stans-Saxifraga cernua, Dupontia fisheri)",Percent,,http://static.gina.alaska.edu/geobotany/flux_towers_zona/BEO_T17.jpg,,
13049,BEO_T19,BEO_T19,20140726,2014,Flux Towers-Zona  (Davidson et al. 2016a and Davidson 2016b),Scott J. Davidson,71.28085,-156.61189,Field Name,Wet sedge meadow tundra,"Moist to wet coastal sedge-grass tundra calcareous slightly saline soils (Carex stans-Saxifraga cernua, Dupontia fisheri)",Percent,,http://static.gina.alaska.edu/geobotany/flux_towers_zona/BEO_T19.jpg,,
13050,BEO_T23,BEO_T23,20140726,2014,Flux Towers-Zona  (Davidson et al. 2016a and Davidson 2016b),Scott J. Davidson,71.28122,-156.61047,Field Name,Wet sedge meadow tundra,"Moist to wet coastal sedge-grass tundra calcareous slightly saline soils (Carex stans-Saxifraga cernua, Dupontia fisheri)",Percent,,http://static.gina.alaska.edu/geobotany/flux_towers_zona/BEO_T23.jpg,,
13051,BEO_T28,BEO_T28,20140726,2014,Flux Towers-Zona  (Davidson et al. 2016a and Davidson 2016b),Scott J. Davidson,71.28183,-156.61134,Field Name,Wet sedge meadow tundra,"Moist to wet coastal sedge-grass tundra calcareous slightly saline soils (Carex stans-Saxifraga cernua, Dupontia fisheri)",Percent,,http://static.gina.alaska.edu/geobotany/flux_towers_zona/BEO_T28.jpg,,
13052,BEO_T29,BEO_T29,20140726,2014,Flux Towers-Zona  (Davidson et al. 2016a and Davidson 2016b),Scott J. Davidson,71.28191,-156.61156,Field Name,Wet sedge meadow tundra,"Moist to wet coastal sedge-grass tundra calcareous slightly saline soils (Carex stans-Saxifraga cernua, Dupontia fisheri)",Percent,,http://static.gina.alaska.edu/geobotany/flux_towers_zona/BEO_T29.jpg,,
13053,BES_W1,BES_W1,20140724,2014,Flux Towers-Zona  (Davidson et al. 2016a and Davidson 2016b),Scott J. Davidson,71.28051,-156.59202,Field Name,Wet sedge meadow tundra,"Moist to wet coastal sedge-grass tundra calcareous slightly saline soils (Carex stans-Saxifraga cernua, Dupontia fisheri)",Percent,,http://static.gina.alaska.edu/geobotany/flux_towers_zona/BES_W1.jpg,,
13054,BES_W3,BES_W3,20140724,2014,Flux Towers-Zona  (Davidson et al. 2016a and Davidson 2016b),Scott J. Davidson,71.28055,-156.59189,Field Name,Wet sedge meadow tundra,"Moist to wet coastal sedge-grass tundra calcareous slightly saline soils (Carex stans-Saxifraga cernua, Dupontia fisheri)",Percent,,http://static.gina.alaska.edu/geobotany/flux_towers_zona/BES_W3.jpg,,
13055,BES_W6,BES_W6,20140724,2014,Flux Towers-Zona  (Davidson et al. 2016a and Davidson 2016b),Scott J. Davidson,71.28052,-156.59138,Field Name,Wet sedge meadow tundra,"Moist to wet coastal sedge-grass tundra calcareous slightly saline soils (Carex stans-Saxifraga cernua, Dupontia fisheri)",Percent,,http://static.gina.alaska.edu/geobotany/flux_towers_zona/BES_W6.JPG,,
13056,BES_W7,BES_W7,20140724,2014,Flux Towers-Zona  (Davidson et al. 2016a and Davidson 2016b),Scott J. Davidson,71.28054,-156.59271,Field Name,Wet sedge meadow tundra,"Moist to wet coastal sedge-grass tundra calcareous slightly saline soils (Carex stans-Saxifraga cernua, Dupontia fisheri)",Percent,,http://static.gina.alaska.edu/geobotany/flux_towers_zona/BES_W7.jpg,,
13057,BES_W9,BES_W9,20140724,2014,Flux Towers-Zona  (Davidson et al. 2016a and Davidson 2016b),Scott J. Davidson,71.28056,-156.59359,Field Name,Wet sedge meadow tundra,"Moist to wet coastal sedge-grass tundra calcareous slightly saline soils (Carex stans-Saxifraga cernua, Dupontia fisheri)",Percent,,http://static.gina.alaska.edu/geobotany/flux_towers_zona/BES_W9.JPG,,
13058,BES_W12,BES_W12,20140724,2014,Flux Towers-Zona  (Davidson et al. 2016a and Davidson 2016b),Scott J. Davidson,71.2805,-156.59085,Field Name,Wet sedge meadow tundra,"Moist to wet coastal sedge-grass tundra calcareous slightly saline soils (Carex stans-Saxifraga cernua, Dupontia fisheri)",Percent,,http://static.gina.alaska.edu/geobotany/flux_towers_zona/BES_W12.JPG,,
13059,BES_W21,BES_W21,20140724,2014,Flux Towers-Zona  (Davidson et al. 2016a and Davidson 2016b),Scott J. Davidson,71.28059,-156.59499,Field Name,Wet sedge meadow tundra,"Moist to wet coastal sedge-grass tundra calcareous slightly saline soils (Carex stans-Saxifraga cernua, Dupontia fisheri)",Percent,,http://static.gina.alaska.edu/geobotany/flux_towers_zona/BES_W21.jpg,,
13060,BES_W24,BES_W24,20140724,2014,Flux Towers-Zona  (Davidson et al. 2016a and Davidson 2016b),Scott J. Davidson,71.28056,-156.59558,Field Name,Wet sedge meadow tundra,"Moist to wet coastal sedge-grass tundra calcareous slightly saline soils (Carex stans-Saxifraga cernua, Dupontia fisheri)",Percent,,http://static.gina.alaska.edu/geobotany/flux_towers_zona/BES_W24.JPG,,
13061,BES_W27,BES_W27,20140724,2014,Flux Towers-Zona  (Davidson et al. 2016a and Davidson 2016b),Scott J. Davidson,71.28057,-156.59614,Field Name,Wet sedge meadow tundra,"Moist to wet coastal sedge-grass tundra calcareous slightly saline soils (Carex stans-Saxifraga cernua, Dupontia fisheri)",Percent,,http://static.gina.alaska.edu/geobotany/flux_towers_zona/BES_W27.jpg,,
13062,BES_W30,BES_W30,20140724,2014,Flux Towers-Zona  (Davidson et al. 2016a and Davidson 2016b),Scott J. Davidson,71.28061,-156.59643,Field Name,Wet sedge meadow tundra,"Moist to wet coastal sedge-grass tundra calcareous slightly saline soils (Carex stans-Saxifraga cernua, Dupontia fisheri)",Percent,,http://static.gina.alaska.edu/geobotany/flux_towers_zona/BES_W30.JPG,,
13063,CMDL_B1,CMDL_B1,20140731,2014,Flux Towers-Zona  (Davidson et al. 2016a and Davidson 2016b),Scott J. Davidson,71.32102,-156.60839,Field Name,Mesic sedge-grass-herb meadow tundra,"Poor fens, slightly acidic organic soils (sedge-dwarf-shrub-Sphagnum)",Percent,,http://static.gina.alaska.edu/geobotany/flux_towers_zona/CMDL_B1.JPG,,
13064,CMDL_B2,CMDL_B2,20140731,2014,Flux Towers-Zona  (Davidson et al. 2016a and Davidson 2016b),Scott J. Davidson,71.32102,-156.60924,Field Name,Mesic sedge-grass-herb meadow tundra,"Poor fens, slightly acidic organic soils (sedge-dwarf-shrub-Sphagnum)",Percent,,http://static.gina.alaska.edu/geobotany/flux_towers_zona/CMDL_B2.JPG,,
13065,CMDL_B3,CMDL_B3,20140731,2014,Flux Towers-Zona  (Davidson et al. 2016a and Davidson 2016b),Scott J. Davidson,71.32118,-156.60923,Field Name,Mesic sedge-grass-herb meadow tundra,"Poor fens, slightly acidic organic soils (sedge-dwarf-shrub-Sphagnum)",Percent,,http://static.gina.alaska.edu/geobotany/flux_towers_zona/CMDL_B3.JPG,,
13066,CMDL_B4,CMDL_B4,20140731,2014,Flux Towers-Zona  (Davidson et al. 2016a and Davidson 2016b),Scott J. Davidson,71.32136,-156.60919,Field Name,Mesic sedge-grass-herb meadow tundra,"Poor fens, slightly acidic organic soils (sedge-dwarf-shrub-Sphagnum)",Percent,,http://static.gina.alaska.edu/geobotany/flux_towers_zona/CMDL_B4.JPG,,
13067,CMDL_B5,CMDL_B5,20140731,2014,Flux Towers-Zona  (Davidson et al. 2016a and Davidson 2016b),Scott J. Davidson,71.32153,-156.60918,Field Name,Mesic sedge-grass-herb meadow tundra,"Poor fens, slightly acidic organic soils (sedge-dwarf-shrub-Sphagnum)",Percent,,http://static.gina.alaska.edu/geobotany/flux_towers_zona/CMDL_B5.JPG,,
13068,CMDL_B6,CMDL_B6,20140731,2014,Flux Towers-Zona  (Davidson et al. 2016a and Davidson 2016b),Scott J. Davidson,71.32488,-156.60874,Field Name,Mesic sedge-grass-herb meadow tundra,"Poor fens, slightly acidic organic soils (sedge-dwarf-shrub-Sphagnum)",Percent,,http://static.gina.alaska.edu/geobotany/flux_towers_zona/CMDL_B6.JPG,,
13069,CMDL_B7,CMDL_B7,20140731,2014,Flux Towers-Zona  (Davidson et al. 2016a and Davidson 2016b),Scott J. Davidson,71.32504,-156.60867,Field Name,Mesic sedge-grass-herb meadow tundra,"Poor fens, slightly acidic organic soils (sedge-dwarf-shrub-Sphagnum)",Percent,,http://static.gina.alaska.edu/geobotany/flux_towers_zona/CMDL_B7.JPG,,
13070,CMDL_B8,CMDL_B8,20140731,2014,Flux Towers-Zona  (Davidson et al. 2016a and Davidson 2016b),Scott J. Davidson,71.32487,-156.60809,Field Name,Mesic sedge-grass-herb meadow tundra,"Poor fens, slightly acidic organic soils (sedge-dwarf-shrub-Sphagnum)",Percent,,http://static.gina.alaska.edu/geobotany/flux_towers_zona/CMDL_B8.JPG,,
13071,CMDL_B9,CMDL_B9,20140731,2014,Flux Towers-Zona  (Davidson et al. 2016a and Davidson 2016b),Scott J. Davidson,71.32436,-156.60797,Field Name,Mesic sedge-grass-herb meadow tundra,"Poor fens, slightly acidic organic soils (sedge-dwarf-shrub-Sphagnum)",Percent,,http://static.gina.alaska.edu/geobotany/flux_towers_zona/CMDL_B9.JPG,,
13072,CMDL_B10,CMDL_B10,20140731,2014,Flux Towers-Zona  (Davidson et al. 2016a and Davidson 2016b),Scott J. Davidson,71.32413,-156.60796,Field Name,Mesic sedge-grass-herb meadow tundra,"Poor fens, slightly acidic organic soils (sedge-dwarf-shrub-Sphagnum)",Percent,,http://static.gina.alaska.edu/geobotany/flux_towers_zona/CMDL_B10.JPG,,
13073,CMDL_HC1,CMDL_HC1,20140731,2014,Flux Towers-Zona  (Davidson et al. 2016a and Davidson 2016b),Scott J. Davidson,71.32132,-156.60446,Field Name,Dry lichen heath tundra,"Zonal habitats, with base rich soils, subzones B, C & D in North America including early-melting, base-rich (Cassiope-Tomentypnum) snowbeds.",Percent,,http://static.gina.alaska.edu/geobotany/flux_towers_zona/CMDL_HC1.JPG,,
13074,CMDL_HC2,CMDL_HC2,20140731,2014,Flux Towers-Zona  (Davidson et al. 2016a and Davidson 2016b),Scott J. Davidson,71.32143,-156.60497,Field Name,Dry lichen heath tundra,"Zonal habitats, with base rich soils, subzones B, C & D in North America including early-melting, base-rich (Cassiope-Tomentypnum) snowbeds.",Percent,,http://static.gina.alaska.edu/geobotany/flux_towers_zona/CMDL_HC2.JPG,,
13075,CMDL_HC3,CMDL_HC3,20140731,2014,Flux Towers-Zona  (Davidson et al. 2016a and Davidson 2016b),Scott J. Davidson,71.32152,-156.6056,Field Name,Dry lichen heath tundra,"Zonal habitats, with base rich soils, subzones B, C & D in North America including early-melting, base-rich (Cassiope-Tomentypnum) snowbeds.",Percent,,http://static.gina.alaska.edu/geobotany/flux_towers_zona/CMDL_HC3.JPG,,
13076,CMDL_HC4,CMDL_HC4,20140731,2014,Flux Towers-Zona  (Davidson et al. 2016a and Davidson 2016b),Scott J. Davidson,71.3218,-156.60623,Field Name,Dry lichen heath tundra,"Zonal habitats, with base rich soils, subzones B, C & D in North America including early-melting, base-rich (Cassiope-Tomentypnum) snowbeds.",Percent,,http://static.gina.alaska.edu/geobotany/flux_towers_zona/CMDL_HC4.JPG,,
13077,CMDL_HC5,CMDL_HC5,20140731,2014,Flux Towers-Zona  (Davidson et al. 2016a and Davidson 2016b),Scott J. Davidson,71.32205,-156.60659,Field Name,Dry lichen heath tundra,"Zonal habitats, with base rich soils, subzones B, C & D in North America including early-melting, base-rich (Cassiope-Tomentypnum) snowbeds.",Percent,,http://static.gina.alaska.edu/geobotany/flux_towers_zona/CMDL_HC5.JPG,,
13078,CMDL_TR1,CMDL_TR1,20140731,2014,Flux Towers-Zona  (Davidson et al. 2016a and Davidson 2016b),Scott J. Davidson,71.32136,-156.60472,Field Name,Wet sedge meadow tundra,"Moist to wet coastal sedge-grass tundra clacareous slightly saline soils (Carex stans-Saxifraga cernua, Dupontia fisheri)",Percent,,http://static.gina.alaska.edu/geobotany/flux_towers_zona/CMDL_T1.JPG,,
13079,CMDL_TR2,CMDL_TR2,20140731,2014,Flux Towers-Zona  (Davidson et al. 2016a and Davidson 2016b),Scott J. Davidson,71.32144,-156.6053,Field Name,Wet sedge meadow tundra,"Moist to wet coastal sedge-grass tundra clacareous slightly saline soils (Carex stans-Saxifraga cernua, Dupontia fisheri)",Percent,,http://static.gina.alaska.edu/geobotany/flux_towers_zona/CMDL_T2.JPG,,
13080,CMDL_TR3,CMDL_TR3,20140731,2014,Flux Towers-Zona  (Davidson et al. 2016a and Davidson 2016b),Scott J. Davidson,71.32162,-156.60561,Field Name,Wet sedge meadow tundra,"Moist to wet coastal sedge-grass tundra clacareous slightly saline soils (Carex stans-Saxifraga cernua, Dupontia fisheri)",Percent,,http://static.gina.alaska.edu/geobotany/flux_towers_zona/CMDL_T3.JPG,,
13081,CMDL_TR4,CMDL_TR4,20140731,2014,Flux Towers-Zona  (Davidson et al. 2016a and Davidson 2016b),Scott J. Davidson,71.32187,-156.60642,Field Name,Wet sedge meadow tundra,"Moist to wet coastal sedge-grass tundra clacareous slightly saline soils (Carex stans-Saxifraga cernua, Dupontia fisheri)",Percent,,http://static.gina.alaska.edu/geobotany/flux_towers_zona/CMDL_T4.JPG,,
13082,CMDL_TR5,CMDL_TR5,20140731,2014,Flux Towers-Zona  (Davidson et al. 2016a and Davidson 2016b),Scott J. Davidson,71.32208,-156.60682,Field Name,Wet sedge meadow tundra,"Moist to wet coastal sedge-grass tundra clacareous slightly saline soils (Carex stans-Saxifraga cernua, Dupontia fisheri)",Percent,,http://static.gina.alaska.edu/geobotany/flux_towers_zona/CMDL_T5.JPG,,
13083,ATQ_T1,ATQ_T1,20140729,2014,Flux Towers-Zona  (Davidson et al. 2016a and Davidson 2016b),Scott J. Davidson,70.46968,-157.40842,Field Name,Tussock tundra (sandy substrates),Tussock tundra (Eriophorum vaginatum),Percent,,http://static.gina.alaska.edu/geobotany/flux_towers_zona/ATQ_T1.JPG,,
13084,ATQ_T3,ATQ_T3,20140729,2014,Flux Towers-Zona  (Davidson et al. 2016a and Davidson 2016b),Scott J. Davidson,70.47013,-157.40611,Field Name,Tussock tundra (sandy substrates),Tussock tundra (Eriophorum vaginatum),Percent,,http://static.gina.alaska.edu/geobotany/flux_towers_zona/ATQ_T3.JPG,,
13085,ATQ_T7,ATQ_T7,20140729,2014,Flux Towers-Zona  (Davidson et al. 2016a and Davidson 2016b),Scott J. Davidson,70.46925,-157.40714,Field Name,Tussock tundra (sandy substrates),Tussock tundra (Eriophorum vaginatum),Percent,,http://static.gina.alaska.edu/geobotany/flux_towers_zona/ATQ_T7.JPG,,
13086,ATQ_T13,ATQ_T13,20140729,2014,Flux Towers-Zona  (Davidson et al. 2016a and Davidson 2016b),Scott J. Davidson,70.46847,-157.40987,Field Name,Tussock tundra (sandy substrates),Tussock tundra (Eriophorum vaginatum),Percent,,http://static.gina.alaska.edu/geobotany/flux_towers_zona/ATQ_T13.JPG,,
13087,ATQ_T16,ATQ_T16,20140729,2014,Flux Towers-Zona  (Davidson et al. 2016a and Davidson 2016b),Scott J. Davidson,70.4696,-157.41043,Field Name,Tussock tundra (sandy substrates),Tussock tundra (Eriophorum vaginatum),Percent,,http://static.gina.alaska.edu/geobotany/flux_towers_zona/ATQ_T16.JPG,,
13088,ATQ_T19,ATQ_T19,20140729,2014,Flux Towers-Zona  (Davidson et al. 2016a and Davidson 2016b),Scott J. Davidson,70.46947,-157.41294,Field Name,Tussock tundra (sandy substrates),Tussock tundra (Eriophorum vaginatum),Percent,,http://static.gina.alaska.edu/geobotany/flux_towers_zona/ATQ_T19.JPG,,
13089,ATQ_T22,ATQ_T22,20140729,2014,Flux Towers-Zona  (Davidson et al. 2016a and Davidson 2016b),Scott J. Davidson,70.47036,-157.40983,Field Name,Tussock tundra (sandy substrates),Tussock tundra (Eriophorum vaginatum),Percent,,http://static.gina.alaska.edu/geobotany/flux_towers_zona/ATQ_T22.JPG,,
13090,ATQ_T25,ATQ_T25,20140729,2014,Flux Towers-Zona  (Davidson et al. 2016a and Davidson 2016b),Scott J. Davidson,70.4715,-157.41069,Field Name,Tussock tundra (sandy substrates),Tussock tundra (Eriophorum vaginatum),Percent,,http://static.gina.alaska.edu/geobotany/flux_towers_zona/ATQ_T25.JPG,,
13091,ATQ_T26,ATQ_T26,20140729,2014,Flux Towers-Zona  (Davidson et al. 2016a and Davidson 2016b),Scott J. Davidson,70.46992,-157.40904,Field Name,Tussock tundra (sandy substrates),Tussock tundra (Eriophorum vaginatum),Percent,,http://static.gina.alaska.edu/geobotany/flux_towers_zona/ATQ_T26.JPG,,
13092,ATQ_T28,ATQ_T28,20140729,2014,Flux Towers-Zona  (Davidson et al. 2016a and Davidson 2016b),Scott J. Davidson,70.47075,-157.40867,Field Name,Tussock tundra (sandy substrates),Tussock tundra (Eriophorum vaginatum),Percent,,http://static.gina.alaska.edu/geobotany/flux_towers_zona/ATQ_T28.JPG,,
13093,ATQ_I2,ATQ_I2,20140729,2014,Flux Towers-Zona  (Davidson et al. 2016a and Davidson 2016b),Scott J. Davidson,70.47,-157.40674,Field Name,Tussock tundra (sandy substrates),Tussock tundra (Eriophorum vaginatum),Percent,,http://static.gina.alaska.edu/geobotany/flux_towers_zona/ATQ_I2.JPG,,
13094,ATQ_I8,ATQ_I8,20140729,2014,Flux Towers-Zona  (Davidson et al. 2016a and Davidson 2016b),Scott J. Davidson,70.46925,-157.40674,Field Name,Tussock tundra (sandy substrates),Tussock tundra (Eriophorum vaginatum),Percent,,http://static.gina.alaska.edu/geobotany/flux_towers_zona/ATQ_I8.JPG,,
13095,ATQ_I11,ATQ_I11,20140729,2014,Flux Towers-Zona  (Davidson et al. 2016a and Davidson 2016b),Scott J. Davidson,70.46936,-157.40922,Field Name,Tussock tundra (sandy substrates),Tussock tundra (Eriophorum vaginatum),Percent,,http://static.gina.alaska.edu/geobotany/flux_towers_zona/ATQ_I11.JPG,,
13096,ATQ_I14,ATQ_I14,20140729,2014,Flux Towers-Zona  (Davidson et al. 2016a and Davidson 2016b),Scott J. Davidson,70.46804,-157.41035,Field Name,Tussock tundra (sandy substrates),Tussock tundra (Eriophorum vaginatum),Percent,,http://static.gina.alaska.edu/geobotany/flux_towers_zona/ATQ_I14.JPG,,
13097,ATQ_I17,ATQ_I17,20140729,2014,Flux Towers-Zona  (Davidson et al. 2016a and Davidson 2016b),Scott J. Davidson,70.46958,-157.41096,Field Name,Tussock tundra (sandy substrates),Tussock tundra (Eriophorum vaginatum),Percent,,http://static.gina.alaska.edu/geobotany/flux_towers_zona/ATQ_I17.JPG,,
13098,ATQ_I19,ATQ_I19,20140729,2014,Flux Towers-Zona  (Davidson et al. 2016a and Davidson 2016b),Scott J. Davidson,70.4694,-157.41435,Field Name,Tussock tundra (sandy substrates),Tussock tundra (Eriophorum vaginatum),Percent,,http://static.gina.alaska.edu/geobotany/flux_towers_zona/ATQ_I19.JPG,,
13099,ATQ_I21,ATQ_I21,20140729,2014,Flux Towers-Zona  (Davidson et al. 2016a and Davidson 2016b),Scott J. Davidson,70.46974,-157.4092,Field Name,Tussock tundra (sandy substrates),Tussock tundra (Eriophorum vaginatum),Percent,,http://static.gina.alaska.edu/geobotany/flux_towers_zona/ATQ_I21.JPG,,
13100,ATQ_I23,ATQ_I23,20140729,2014,Flux Towers-Zona  (Davidson et al. 2016a and Davidson 2016b),Scott J. Davidson,70.47049,-157.40997,Field Name,Tussock tundra (sandy substrates),Tussock tundra (Eriophorum vaginatum),Percent,,http://static.gina.alaska.edu/geobotany/flux_towers_zona/ATQ_I23.JPG,,
13101,ATQ_I26,ATQ_I26,20140729,2014,Flux Towers-Zona  (Davidson et al. 2016a and Davidson 2016b),Scott J. Davidson,70.46981,-157.40912,Field Name,Tussock tundra (sandy substrates),Tussock tundra (Eriophorum vaginatum),Percent,,http://static.gina.alaska.edu/geobotany/flux_towers_zona/ATQ_I26.JPG,,
13102,ATQ_I29,ATQ_I29,20140729,2014,Flux Towers-Zona  (Davidson et al. 2016a and Davidson 2016b),Scott J. Davidson,70.47087,-157.40842,Field Name,Tussock tundra (sandy substrates),Tussock tundra (Eriophorum vaginatum),Percent,,http://static.gina.alaska.edu/geobotany/flux_towers_zona/ATQ_I29.JPG,,
13103,ATQ_W3,ATQ_W3,20140729,2014,Flux Towers-Zona  (Davidson et al. 2016a and Davidson 2016b),Scott J. Davidson,70.47022,-157.4056,Field Name,Wet sedge meadow tundra,"Sedge-brown-moss fens, peats and peaty mineral soils.",Percent,,http://static.gina.alaska.edu/geobotany/flux_towers_zona/ATQ_W3.JPG,,
13104,ATQ_W6,ATQ_W6,20140729,2014,Flux Towers-Zona  (Davidson et al. 2016a and Davidson 2016b),Scott J. Davidson,70.46945,-157.40839,Field Name,Wet sedge meadow tundra,"Sedge-brown-moss fens, peats and peaty mineral soils.",Percent,,http://static.gina.alaska.edu/geobotany/flux_towers_zona/ATQ_W6.JPG,,
13105,ATQ_W12,ATQ_W12,20140729,2014,Flux Towers-Zona  (Davidson et al. 2016a and Davidson 2016b),Scott J. Davidson,70.46872,-157.40946,Field Name,Wet sedge meadow tundra,"Sedge-brown-moss fens, peats and peaty mineral soils.",Percent,,http://static.gina.alaska.edu/geobotany/flux_towers_zona/ATQ_W12.JPG,,
13106,ATQ_W14,ATQ_W14,20140729,2014,Flux Towers-Zona  (Davidson et al. 2016a and Davidson 2016b),Scott J. Davidson,70.46796,-157.41046,Field Name,Wet sedge meadow tundra,"Sedge-brown-moss fens, peats and peaty mineral soils.",Percent,,http://static.gina.alaska.edu/geobotany/flux_towers_zona/ATQ_W14.JPG,,
13107,ATQ_W16,ATQ_W16,20140729,2014,Flux Towers-Zona  (Davidson et al. 2016a and Davidson 2016b),Scott J. Davidson,70.4696,-157.41001,Field Name,Wet sedge meadow tundra,"Sedge-brown-moss fens, peats and peaty mineral soils.",Percent,,http://static.gina.alaska.edu/geobotany/flux_towers_zona/ATQ_W16.JPG,,
13108,ATQ_W18,ATQ_W18,20140729,2014,Flux Towers-Zona  (Davidson et al. 2016a and Davidson 2016b),Scott J. Davidson,70.46945,-157.41318,Field Name,Wet sedge meadow tundra,"Sedge-brown-moss fens, peats and peaty mineral soils.",Percent,,http://static.gina.alaska.edu/geobotany/flux_towers_zona/ATQ_W18.JPG,,
13109,ATQ_W21,ATQ_W21,20140729,2014,Flux Towers-Zona  (Davidson et al. 2016a and Davidson 2016b),Scott J. Davidson,70.4701,-157.40967,Field Name,Wet sedge meadow tundra,"Sedge-brown-moss fens, peats and peaty mineral soils.",Percent,,http://static.gina.alaska.edu/geobotany/flux_towers_zona/ATQ_W21.JPG,,
13110,ATQ_W24,ATQ_W24,20140729,2014,Flux Towers-Zona  (Davidson et al. 2016a and Davidson 2016b),Scott J. Davidson,70.47137,-157.41052,Field Name,Wet sedge meadow tundra,"Sedge-brown-moss fens, peats and peaty mineral soils.",Percent,,http://static.gina.alaska.edu/geobotany/flux_towers_zona/ATQ_W24.JPG,,
13111,ATQ_W27,ATQ_W27,20140729,2014,Flux Towers-Zona  (Davidson et al. 2016a and Davidson 2016b),Scott J. Davidson,70.47064,-157.40892,Field Name,Wet sedge meadow tundra,"Sedge-brown-moss fens, peats and peaty mineral soils.",Percent,,http://static.gina.alaska.edu/geobotany/flux_towers_zona/ATQ_W27.JPG,,
13112,ATQ_W30,ATQ_W30,20140729,2014,Flux Towers-Zona  (Davidson et al. 2016a and Davidson 2016b),Scott J. Davidson,70.47162,-157.40873,Field Name,Wet sedge meadow tundra,"Sedge-brown-moss fens, peats and peaty mineral soils.",Percent,,http://static.gina.alaska.edu/geobotany/flux_towers_zona/ATQ_W30.JPG,,
13113,IVO_C3,IVO_C3,20140718,2014,Flux Towers-Zona  (Davidson et al. 2016a and Davidson 2016b),Scott J. Davidson,68.48812,-155.7532,Field Name,Wet sedge meadow tundra,"Sedge-brown-moss fens, peats and peaty mineral soils.",Percent,,http://static.gina.alaska.edu/geobotany/flux_towers_zona/IVO_C3.jpg,,
13114,IVO_C6,IVO_C6,20140718,2014,Flux Towers-Zona  (Davidson et al. 2016a and Davidson 2016b),Scott J. Davidson,68.48835,-155.75265,Field Name,Wet sedge meadow tundra,"Sedge-brown-moss fens, peats and peaty mineral soils.",Percent,,http://static.gina.alaska.edu/geobotany/flux_towers_zona/IVO_C6.jpg,,
13115,IVO_C9,IVO_C9,20140718,2014,Flux Towers-Zona  (Davidson et al. 2016a and Davidson 2016b),Scott J. Davidson,68.48863,-155.75198,Field Name,Wet sedge meadow tundra,"Sedge-brown-moss fens, peats and peaty mineral soils.",Percent,,http://static.gina.alaska.edu/geobotany/flux_towers_zona/IVO_C9.jpg,,
13116,IVO_C12,IVO_C12,20140718,2014,Flux Towers-Zona  (Davidson et al. 2016a and Davidson 2016b),Scott J. Davidson,68.48887,-155.75139,Field Name,Wet sedge meadow tundra,"Sedge-brown-moss fens, peats and peaty mineral soils.",Percent,,http://static.gina.alaska.edu/geobotany/flux_towers_zona/IVO_C12.jpg,,
13117,IVO_C15,IVO_C15,20140718,2014,Flux Towers-Zona  (Davidson et al. 2016a and Davidson 2016b),Scott J. Davidson,68.48911,-155.75079,Field Name,Wet sedge meadow tundra,"Sedge-brown-moss fens, peats and peaty mineral soils.",Percent,,http://static.gina.alaska.edu/geobotany/flux_towers_zona/IVO_C15.jpg,,
13118,IVO_C18,IVO_C18,20140718,2014,Flux Towers-Zona  (Davidson et al. 2016a and Davidson 2016b),Scott J. Davidson,68.48912,-155.75208,Field Name,Wet sedge meadow tundra,"Sedge-brown-moss fens, peats and peaty mineral soils.",Percent,,http://static.gina.alaska.edu/geobotany/flux_towers_zona/IVO_C18.jpg,,
13119,IVO_C21,IVO_C21,20140718,2014,Flux Towers-Zona  (Davidson et al. 2016a and Davidson 2016b),Scott J. Davidson,68.48885,-155.75279,Field Name,Wet sedge meadow tundra,"Sedge-brown-moss fens, peats and peaty mineral soils.",Percent,,http://static.gina.alaska.edu/geobotany/flux_towers_zona/IVO_C21.jpg,,
13120,IVO_C24,IVO_C24,20140718,2014,Flux Towers-Zona  (Davidson et al. 2016a and Davidson 2016b),Scott J. Davidson,68.48865,-155.75322,Field Name,Wet sedge meadow tundra,"Sedge-brown-moss fens, peats and peaty mineral soils.",Percent,,http://static.gina.alaska.edu/geobotany/flux_towers_zona/IVO_C24.jpg,,
13121,IVO_C27,IVO_C27,20140718,2014,Flux Towers-Zona  (Davidson et al. 2016a and Davidson 2016b),Scott J. Davidson,68.48845,-155.75381,Field Name,Wet sedge meadow tundra,"Sedge-brown-moss fens, peats and peaty mineral soils.",Percent,,http://static.gina.alaska.edu/geobotany/flux_towers_zona/IVO_C27.jpg,,
13122,IVO_C30,IVO_C30,20140718,2014,Flux Towers-Zona  (Davidson et al. 2016a and Davidson 2016b),Scott J. Davidson,68.48829,-155.75447,Field Name,Wet sedge meadow tundra,"Sedge-brown-moss fens, peats and peaty mineral soils.",Percent,,,,
13123,IVO_I1,IVO_I1,20140718,2014,Flux Towers-Zona  (Davidson et al. 2016a and Davidson 2016b),Scott J. Davidson,68.4867,-155.75002,Field Name,Tussock tundra (non-sandy substrates),Tussock tundra (Eriophorum vaginatum),Percent,,http://static.gina.alaska.edu/geobotany/flux_towers_zona/IVO_I1.jpg,,
13124,IVO_I6,IVO_I6,20140718,2014,Flux Towers-Zona  (Davidson et al. 2016a and Davidson 2016b),Scott J. Davidson,68.48675,-155.7487,Field Name,Tussock tundra (non-sandy substrates),Tussock tundra (Eriophorum vaginatum),Percent,,http://static.gina.alaska.edu/geobotany/flux_towers_zona/IVO_I6.jpg,,
13125,IVO_I13,IVO_I13,20140718,2014,Flux Towers-Zona  (Davidson et al. 2016a and Davidson 2016b),Scott J. Davidson,68.4859,-155.74717,Field Name,Tussock tundra (non-sandy substrates),Tussock tundra (Eriophorum vaginatum),Percent,,http://static.gina.alaska.edu/geobotany/flux_towers_zona/IVO_I13.jpg,,
13126,IVO_I16,IVO_I16,20140718,2014,Flux Towers-Zona  (Davidson et al. 2016a and Davidson 2016b),Scott J. Davidson,68.48589,-155.74916,Field Name,Tussock tundra (non-sandy substrates),Tussock tundra (Eriophorum vaginatum),Percent,,http://static.gina.alaska.edu/geobotany/flux_towers_zona/IVO_I16.jpg,,
13127,IVO_I22,IVO_I22,20140718,2014,Flux Towers-Zona  (Davidson et al. 2016a and Davidson 2016b),Scott J. Davidson,68.48565,-155.75182,Field Name,Tussock tundra (non-sandy substrates),Tussock tundra (Eriophorum vaginatum),Percent,,http://static.gina.alaska.edu/geobotany/flux_towers_zona/IVO_I22.jpg,,
13128,IVO_S3,IVO_S3,20140718,2014,Flux Towers-Zona  (Davidson et al. 2016a and Davidson 2016b),Scott J. Davidson,68.4883,-155.74873,Field Name,Mixed shrub-sedge tussock tundra,Tussock tundra (Eriophorum vaginatum),Percent,,http://static.gina.alaska.edu/geobotany/flux_towers_zona/IVO_S3.jpg,,
13129,IVO_S5,IVO_S5,20140718,2014,Flux Towers-Zona  (Davidson et al. 2016a and Davidson 2016b),Scott J. Davidson,68.48839,-155.74864,Field Name,Mixed shrub-sedge tussock tundra,Tussock tundra (Eriophorum vaginatum),Percent,,http://static.gina.alaska.edu/geobotany/flux_towers_zona/IVO_S5.jpg,,
13130,IVO_S7,IVO_S7,20140718,2014,Flux Towers-Zona  (Davidson et al. 2016a and Davidson 2016b),Scott J. Davidson,68.48852,-155.74856,Field Name,Mixed shrub-sedge tussock tundra,Tussock tundra (Eriophorum vaginatum),Percent,,http://static.gina.alaska.edu/geobotany/flux_towers_zona/IVO_S7.jpg,,
13131,IVO_S12,IVO_S12,20140718,2014,Flux Towers-Zona  (Davidson et al. 2016a and Davidson 2016b),Scott J. Davidson,68.48878,-155.74834,Field Name,Mixed shrub-sedge tussock tundra,Tussock tundra (Eriophorum vaginatum),Percent,,http://static.gina.alaska.edu/geobotany/flux_towers_zona/IVO_S12.jpg,,
13132,IVO_S13,IVO_S13,20140718,2014,Flux Towers-Zona  (Davidson et al. 2016a and Davidson 2016b),Scott J. Davidson,68.48887,-155.74825,Field Name,Mixed shrub-sedge tussock tundra,Tussock tundra (Eriophorum vaginatum),Percent,,http://static.gina.alaska.edu/geobotany/flux_towers_zona/IVO_S13.jpg,,
13133,IVO_S18,IVO_S18,20140718,2014,Flux Towers-Zona  (Davidson et al. 2016a and Davidson 2016b),Scott J. Davidson,68.48897,-155.7486,Field Name,Mixed shrub-sedge tussock tundra,Tussock tundra (Eriophorum vaginatum),Percent,,http://static.gina.alaska.edu/geobotany/flux_towers_zona/IVO_S18.jpg,,
13134,IVO_S21,IVO_S21,20140718,2014,Flux Towers-Zona  (Davidson et al. 2016a and Davidson 2016b),Scott J. Davidson,68.4889,-155.74891,Field Name,Mixed shrub-sedge tussock tundra,Tussock tundra (Eriophorum vaginatum),Percent,,http://static.gina.alaska.edu/geobotany/flux_towers_zona/IVO_S21.jpg,,
13135,IVO_S25,IVO_S25,20140718,2014,Flux Towers-Zona  (Davidson et al. 2016a and Davidson 2016b),Scott J. Davidson,68.48873,-155.74924,Field Name,Mixed shrub-sedge tussock tundra,Tussock tundra (Eriophorum vaginatum),Percent,,http://static.gina.alaska.edu/geobotany/flux_towers_zona/IVO_S25.jpg,,
13136,IVO_S29,IVO_S29,20140718,2014,Flux Towers-Zona  (Davidson et al. 2016a and Davidson 2016b),Scott J. Davidson,68.48855,-155.74896,Field Name,Mixed shrub-sedge tussock tundra,Tussock tundra (Eriophorum vaginatum),Percent,,http://static.gina.alaska.edu/geobotany/flux_towers_zona/IVO_S29.jpg,,
13137,IVO_S30,IVO_S30,20140718,2014,Flux Towers-Zona  (Davidson et al. 2016a and Davidson 2016b),Scott J. Davidson,68.4885,-155.74897,Field Name,Mixed shrub-sedge tussock tundra,Tussock tundra (Eriophorum vaginatum),Percent,,http://static.gina.alaska.edu/geobotany/flux_towers_zona/IVO_S30.jpg,,
13138,IVO_T4,IVO_T4,20140718,2014,Flux Towers-Zona  (Davidson et al. 2016a and Davidson 2016b),Scott J. Davidson,68.48753,-155.7492,Field Name,Tussock tundra (non-sandy substrates),Tussock tundra (Eriophorum vaginatum),Percent,,http://static.gina.alaska.edu/geobotany/flux_towers_zona/IVO_T4.jpg,,
13139,IVO_T9,IVO_T9,20140718,2014,Flux Towers-Zona  (Davidson et al. 2016a and Davidson 2016b),Scott J. Davidson,68.48724,-155.74678,Field Name,Tussock tundra (non-sandy substrates),Tussock tundra (Eriophorum vaginatum),Percent,,http://static.gina.alaska.edu/geobotany/flux_towers_zona/IVO_T9.jpg,,
13140,IVO_T10,IVO_T10,20140718,2014,Flux Towers-Zona  (Davidson et al. 2016a and Davidson 2016b),Scott J. Davidson,68.48638,-155.74938,Field Name,Tussock tundra (non-sandy substrates),Tussock tundra (Eriophorum vaginatum),Percent,,http://static.gina.alaska.edu/geobotany/flux_towers_zona/IVO_T10.jpg,,
13141,IVO_T19,IVO_T19,20140718,2014,Flux Towers-Zona  (Davidson et al. 2016a and Davidson 2016b),Scott J. Davidson,68.48508,-155.74812,Field Name,Tussock tundra (non-sandy substrates),Tussock tundra (Eriophorum vaginatum),Percent,,http://static.gina.alaska.edu/geobotany/flux_towers_zona/IVO_T19.jpg,,
13142,IVO_T27,IVO_T27,20140718,2014,Flux Towers-Zona  (Davidson et al. 2016a and Davidson 2016b),Scott J. Davidson,68.48714,-155.75168,Field Name,Tussock tundra (non-sandy substrates),Tussock tundra (Eriophorum vaginatum),Percent,,http://static.gina.alaska.edu/geobotany/flux_towers_zona/IVO_T27.jpg,,