C2_plot.jpg,Field releve number,Modified releve number for plot map,Date (year/month/day),Year plot surveyed,Dataset,Surveyed by (PI of project),lat,lon,System for plant community name,Plant community name,Habitat Type,Number of species,Ancillary data available,Cover abundance scale,image_url1,image_url2,image_url3,"species - these are the dataset taxa, not the PASL taxa",,,,,,,,,,,,,,,,,,,,,,,,,,,,,,,,,,,,,,,,,,,,,,,,,,,,,,,,,,,,,,,,,,,,,,,,,,,,,,,,
11379,C1,,20000713,2000,"ATLAS-2 (Raynolds, 2002)",Martha K. Raynolds,64.910463,-163.685894,Field Name,"Moist Picea glauca, Salix spp., Vaccinium uliginosum, Hylocomium splendens, evergreen tree, low-
 shrub forest",Boreo-continental coniferous forest,81,,Braun/Blanquet (old),http://static.gina.alaska.edu/geobotany/atlas2/C1_plot.jpg,,,"Andromeda polifolia, Androsace chamaejasme, Anemone richardsonii, Arctagrostis latifolia, Arctostaphylos rubra, Artemisia arctica, Aulacomnium palustre, Betula nana, Bryum pseudotriquetrum, Carex bigelowii, Carex podocarpa, Carex scirpoidea, Carex vaginata, Castilleja caudata, Cetraria islandica, Cladina arbuscula, Cladina stellaris, Cladonia ecmocyna, Cladonia pyxidata, Claytonia sarmentosa, Cystopteris montana, Dicranum fuscescens v. fuscescens, Dicranum majus, Dodecatheon frigidum, Doellingeria umbellata, Empetrum nigrum, Epilobium angustifolium, Equisetum arvense, Equisetum scirpoides, Festuca altaica, Galium boreale, Hedysarum alpinum, Hylocomiastrum pyrenaicum, Hylocomium splendens, Iris setosa, Lagotis glauca, Linnaea borealis, Luzula multiflora, Lycopodium annotinum, Mertensia paniculata, Moehringia lateriflora, Moneses uniflora, Papaver macounii, Pedicularis sudetica, Peltigera leucophlebia, Pentaphylloides floribunda, Petasites frigidus, Picea glauca, Platanthera obtusata, Pleurozium schreberi, Poa pratensis, Poa species, Polemonium acutiflorum, Polygonum bistorta, Polytrichum strictum, Populus balsamifera, Rhytidiadelphus triquetrus, Rubus arcticus, Rumex acetosa, Salix alaxensis, Salix brachycarpa, Salix chamissonis, Salix glauca, Salix hastata, Salix lanata, Salix planifolia s. pulchra, Salix reticulata, Salix species, Sanguisorba officinalis, Sanionia uncinata, Saussurea angustifolia, Saxifraga nelsoniana, Solidago multiradiata, Spiraea stevenii, Thalictrum alpinum, Tomentypnum nitens, Vaccinium uliginosum, Vaccinium vitis-idea, Valeriana capitata, Veratrum album, Zigadenus elegans",,,,,,,,,,,,,,,,,,,,,,,,,,,,,,,,,,,,,,,,,,,,,,,,,,,,,,,,,,,,,,,,,,,,,,,,,,,,,,,,"Andromeda polifolia, Androsace chamaejasme, Anemone richardsonii, Arctagrostis latifolia, Arctostaphylos rubra, Artemisia arctica, Aulacomnium palustre, Betula nana, Bryum pseudotriquetrum, Carex bigelowii, Carex podocarpa, Carex scirpoidea, Carex vaginata, Castilleja caudata, Cetraria islandica, Cladina arbuscula, Cladina stellaris, Cladonia ecmocyna, Cladonia pyxidata, Claytonia sarmentosa, Cystopteris montana, Dicranum fuscescens v. fuscescens, Dicranum majus, Dodecatheon frigidum, Doellingeria umbellata, Empetrum nigrum, Epilobium angustifolium, Equisetum arvense, Equisetum scirpoides, Festuca altaica, Galium boreale, Hedysarum alpinum, Hylocomiastrum pyrenaicum, Hylocomium splendens, Iris setosa, Lagotis glauca, Linnaea borealis, Luzula multiflora, Lycopodium annotinum, Mertensia paniculata, Moehringia lateriflora, Moneses uniflora, Papaver macounii, Pedicularis sudetica, Peltigera leucophlebia, Pentaphylloides floribunda, Petasites frigidus, Picea glauca, Platanthera obtusata, Pleurozium schreberi, Poa pratensis, Poa species, Polemonium acutiflorum, Polygonum bistorta, Polytrichum strictum, Populus balsamifera, Rhytidiadelphus triquetrus, Rubus arcticus, Rumex acetosa, Salix alaxensis, Salix brachycarpa, Salix chamissonis, Salix glauca, Salix hastata, Salix lanata, Salix planifolia s. pulchra, Salix reticulata, Salix species, Sanguisorba officinalis, Sanionia uncinata, Saussurea angustifolia, Saxifraga nelsoniana, Solidago multiradiata, Spiraea stevenii, Thalictrum alpinum, Tomentypnum nitens, Vaccinium uliginosum, Vaccinium vitis-idea, Valeriana capitata, Veratrum album, Zigadenus elegans"
11380,C2-A,,20000711,2000,"ATLAS-2 (Raynolds, 2002)",Martha K. Raynolds,64.8418,-163.693,Field Name,"Moist Rubus chamaemorus, Betula nana, Ledum decumbens, Sphagnum fuscum erect dwarf-shrub, moss tundra",Moist to wet acidic tussock and nontussock (Eriophorum vaginatum-Carex bigelowii-Sphagnum-Hylocomium) tundra,33,,Braun/Blanquet (old),http://static.gina.alaska.edu/geobotany/atlas2/C2_plot.jpg,http://static.gina.alaska.edu/geobotany/atlas2/C2_soils.jpg,,"Cladina stygia, Cladonia amaurocraea, Cladonia deformis, Cladonia gracilis, Cladonia sulphurina, Dicranum angustum, Dicranum elongatum, Empetrum nigrum, Eriophorum vaginatum, Flavocetraria cucullata, Icmadophila ericetorum, Ledum palustre s. decumbens, Peltigera scabrosa, Picea mariana, Pinguicula vulgaris, Pleurozium schreberi, Pohlia nutans, Polytrichum commune v. jensenii, Rubus chamaemorus, Sphagnum fimbriatum, Sphagnum girgensohnii, Sphagnum lenense, Splachnum species, Vaccinium oxycoccos, Vaccinium uliginosum, Vaccinium vitis-idea",,,,,,,,,,,,,,,,,,,,,,,,,,,,,,,,,,,,,,,,,,,,,,,,,,,,,,,,,,,,,,,,,,,,,,,,,,,,,,,,
11381,C2-B,,20000711,2000,"ATLAS-2 (Raynolds, 2002)",Martha K. Raynolds,64.8418,-163.693,Field Name,"Moist Cladonia arbusculoides, Cladonia rangiferina, Vaccinium uliginosum, Carex aquatilis lichen, erect dwarf-shrub tundra",Moist to wet acidic tussock and nontussock (Eriophorum vaginatum-Carex bigelowii-Sphagnum-Hylocomium) tundra,25,,Braun/Blanquet (old),http://static.gina.alaska.edu/geobotany/atlas2/C2_plot.jpg,http://static.gina.alaska.edu/geobotany/atlas2/C2_soils.jpg,,"Anastrophyllum minutum, Betula nana, Carex aquatilis, Cetraria laevigata, Cladina arbuscula, Cladina rangiferina, Cladina stellaris, Cladina stygia, Cladonia amaurocraea, Cladonia coccifera, Cladonia crispata, Cladonia gracilis, Cladonia subfurcata, Cladonia sulphurina, Cladonia uncialis, Dicranum angustum, Dicranum elongatum, Empetrum nigrum, Ledum palustre s. decumbens, Nephroma arcticum, Picea mariana, Pinguicula vulgaris, Rubus chamaemorus, Vaccinium uliginosum, Vaccinium vitis-idea",,,,,,,,,,,,,,,,,,,,,,,,,,,,,,,,,,,,,,,,,,,,,,,,,,,,,,,,,,,,,,,,,,,,,,,,,,,,,,,,
11382,C2-C,,20000712,2000,"ATLAS-2 (Raynolds, 2002)",Martha K. Raynolds,64.8418,-163.693,Field Name,"Wet Eriophorum angustifolium, Sphagnum spp. sedge, moss tundra",Moist to wet acidic tussock and nontussock (Eriophorum vaginatum-Carex bigelowii-Sphagnum-Hylocomium) tundra,23,,Braun/Blanquet (old),http://static.gina.alaska.edu/geobotany/atlas2/C2_plot.jpg,http://static.gina.alaska.edu/geobotany/atlas2/C2_soils.jpg,,"Anastrophyllum minutum, Aulacomnium palustre, Betula nana, Calamagrostis canadensis, Carex aquatilis, Dicranum elongatum, Eriophorum angustifolium, Eriophorum vaginatum, Gymnocolea species, Limprichtia revolvens, Lophozia species, Picea mariana, Pinguicula vulgaris, Pohlia nutans, Polytrichum commune v. jensenii, Salix planifolia s. pulchra, Sphagnum aongstroemii, Sphagnum balticum, Sphagnum lindbergii, Sphagnum squarrosum, Vaccinium oxycoccos, Vaccinium uliginosum, Warnstorfia fluitans",,,,,,,,,,,,,,,,,,,,,,,,,,,,,,,,,,,,,,,,,,,,,,,,,,,,,,,,,,,,,,,,,,,,,,,,,,,,,,,,
11383,C3-A,,20000714,2000,"ATLAS-2 (Raynolds, 2002)",Martha K. Raynolds,64.933764,-163.735735,Field Name,"Moist Betula glandulosa, Salix glauca, Hylocomium splendens low-shrub tundra",Tall forb and shrub vegetation on mesic-moist soil,45,,Braun/Blanquet (old),http://static.gina.alaska.edu/geobotany/atlas2/C3_plot.jpg,,,"Aconitum delphinifolium s. delphinifolium, Anemone parviflora, Arctagrostis latifolia, Arctostaphylos rubra, Aulacomnium palustre, Betula nana, Cardamine digitata, Carex podocarpa, Cetraria laevigata, Cladina arbuscula, Cladina rangiferina, Cladonia ecmocyna, Claytonia sarmentosa, Dodecatheon frigidum, Empetrum nigrum, Equisetum arvense, Festuca altaica, Galium boreale, Hylocomium splendens, Ledum palustre s. decumbens, Lycopodium annotinum, Mertensia paniculata, Papaver macounii, Peltigera leucophlebia, Pentaphylloides floribunda, Petasites frigidus, Picea glauca, Polemonium acutiflorum, Polytrichum juniperinum, Ptilidium species, Ptilium crista-castrensis, Salix glauca, Salix lanata, Salix planifolia s. pulchra, Salix reticulata, Sanionia uncinata, Saussurea angustifolia, Senecio lugens, Solidago multiradiata, Stellaria calycantha, Thalictrum alpinum, Tomentypnum nitens, Vaccinium uliginosum, Vaccinium vitis-idea, Valeriana capitata",,,,,,,,,,,,,,,,,,,,,,,,,,,,,,,,,,,,,,,,,,,,,,,,,,,,,,,,,,,,,,,,,,,,,,,,,,,,,,,,
11384,C3-B,,20000714,2000,"ATLAS-2 (Raynolds, 2002)",Martha K. Raynolds,64.933764,-163.735735,Field Name,"Moist Pentaphylloides floribunda, Vaccinium uliginosum,
 Festuca altaica, Hylocomium splendens, Salix reticulata
 erect dwarf-shrub, graminoid tundra",Tall forb and shrub vegetation on mesic-moist soil,61,,Braun/Blanquet (old),http://static.gina.alaska.edu/geobotany/atlas2/C3_plot.jpg,,,"Alopecurus borealis, Andromeda polifolia, Anemone parviflora, Arctagrostis latifolia, Arctostaphylos rubra, Aster sibiricus, Aulacomnium palustre, Betula nana, Cardamine digitata, Carex bigelowii, Carex capillaris, Carex podocarpa, Carex scirpoidea, Carex vaginata, Cerastium beeringianum, Cetraria laevigata, Cladina arbuscula, Cladina rangiferina, Cladina stygia, Cladonia ecmocyna, Cladonia gracilis, Cladonia pyxidata, Cladonia uncialis, Dactylina beringica, Dicranum acutifolium, Dryas integrifolia, Empetrum nigrum, Equisetum scirpoides, Eriophorum angustifolium, Festuca altaica, Flavocetraria nivalis, Galium boreale, Hedysarum alpinum, Hylocomium splendens, Lagotis glauca, Ledum palustre s. decumbens, Luzula multiflora, Lycopodium annotinum, Mertensia paniculata, Pedicularis labradorica, Pedicularis verticillata, Pentaphylloides floribunda, Poa alpina, Polygonum bistorta, Polygonum viviparum, Polytrichum juniperinum, Ptilidium species, Ptilium crista-castrensis, Rumex arcticus, Salix reticulata, Sanionia uncinata, Saussurea angustifolia, Senecio lugens, Solidago multiradiata, Thalictrum alpinum, Thamnolia vermicularis, Tomentypnum nitens, Trisetum spicatum, Vaccinium uliginosum, Vaccinium vitis-idea, Valeriana capitata",,,,,,,,,,,,,,,,,,,,,,,,,,,,,,,,,,,,,,,,,,,,,,,,,,,,,,,,,,,,,,,,,,,,,,,,,,,,,,,,
11385,C4-A,,20000715,2000,"ATLAS-2 (Raynolds, 2002)",Martha K. Raynolds,64.899667,-163.672815,Field Name,"Moist Salix pulchra, Betula glandulosa, Picea glauca low-shrub woodland",Boreo-continental coniferous forest,,,Braun/Blanquet (old),,,,,,,,,,,,,,,,,,,,,,,,,,,,,,,,,,,,,,,,,,,,,,,,,,,,,,,,,,,,,,,,,,,,,,,,,,,,,,,,,,,,
11386,C4-B,,20000715,2000,"ATLAS-2 (Raynolds, 2002)",Martha K. Raynolds,64.899667,-163.672815,Field Name,"Moist Vaccinium uliginosum, Calamagrostis canadensis,
 Hylocomium splendens low-shrub, graminoid, moss tundra","Moist and dry acidic dwarf-shrub heaths (Vaccinium uliginosum, Empetrum nigrum, Ledum decumbens, some Betula nana-lichen heaths)",,,Braun/Blanquet (old),,,,,,,,,,,,,,,,,,,,,,,,,,,,,,,,,,,,,,,,,,,,,,,,,,,,,,,,,,,,,,,,,,,,,,,,,,,,,,,,,,,,
11387,C5-A,,20000712,2000,"ATLAS-2 (Raynolds, 2002)",Martha K. Raynolds,64.7265,-163.9407,Field Name,"Dry Dryas octopetala, Oxytropis bryophyla prostrate dwarf-shrub, forb tundra","Dry nonacidic tundra (Dryas integrifolia, including Dryas river terraces and Dryas octopetala communities from alpine areas-Cooper units 26, 29, 32, 34)",,,Braun/Blanquet (old),http://static.gina.alaska.edu/geobotany/atlas2/C5_plot.jpg,http://static.gina.alaska.edu/geobotany/atlas2/C5_soils%20.jpg,,,,,,,,,,,,,,,,,,,,,,,,,,,,,,,,,,,,,,,,,,,,,,,,,,,,,,,,,,,,,,,,,,,,,,,,,,,,,,,,,,
11388,C5-B,,20000712,2000,"ATLAS-2 (Raynolds, 2002)",Martha K. Raynolds,64.7265,-163.9407,Field Name,Dry Dryas octopetala barren complex,"Dry nonacidic tundra (Dryas integrifolia, including Dryas river terraces and Dryas octopetala communities from alpine areas-Cooper units 26, 29, 32, 34)",,,Braun/Blanquet (old),http://static.gina.alaska.edu/geobotany/atlas2/C5_plot.jpg,http://static.gina.alaska.edu/geobotany/atlas2/C5_soils%20.jpg,,,,,,,,,,,,,,,,,,,,,,,,,,,,,,,,,,,,,,,,,,,,,,,,,,,,,,,,,,,,,,,,,,,,,,,,,,,,,,,,,,
11389,C6-A,,20000719,2000,"ATLAS-2 (Raynolds, 2002)",Martha K. Raynolds,64.890196,-163.65275,Field Name,"Moist Betula nana, Ledum decumbens, Vaccinium uliginosum, Carex bigelowii, Sphagnum spp. dwarf shrub tundra","Moist and dry acidic dwarf-shrub heaths (Vaccinium uliginosum, Empetrum nigrum, Ledum decumbens, some Betula nana-lichen heaths)",,,Braun/Blanquet (old),http://static.gina.alaska.edu/geobotany/atlas2/C6_plot.jpg,,,,,,,,,,,,,,,,,,,,,,,,,,,,,,,,,,,,,,,,,,,,,,,,,,,,,,,,,,,,,,,,,,,,,,,,,,,,,,,,,,,
11390,C6-B,,20000719,2000,"ATLAS-2 (Raynolds, 2002)",Martha K. Raynolds,64.890196,-163.65275,Field Name,"Moist Cladonia spp., Empetrum nigrum lichen dwarf-shrub tundra","Moist and dry acidic dwarf-shrub heaths (Vaccinium uliginosum, Empetrum nigrum, Ledum decumbens, some Betula nana-lichen heaths)",,,Braun/Blanquet (old),http://static.gina.alaska.edu/geobotany/atlas2/C6_plot.jpg,,,,,,,,,,,,,,,,,,,,,,,,,,,,,,,,,,,,,,,,,,,,,,,,,,,,,,,,,,,,,,,,,,,,,,,,,,,,,,,,,,,
11391,C8-A,,20000716,2000,"ATLAS-2 (Raynolds, 2002)",Martha K. Raynolds,64.841869,-163.708623,Field Name,"Moist Rubus chamaemorus, Empetrum nigrum, Vaccinium uliginosum, Sphagnum russowii dwarf-shrub, moss tundra",Moist to wet acidic low-shrub heaths (wet to moist Betula nana-Sphagnum heaths),,,Braun/Blanquet (old),http://static.gina.alaska.edu/geobotany/atlas2/C8_plot.jpg,,,,,,,,,,,,,,,,,,,,,,,,,,,,,,,,,,,,,,,,,,,,,,,,,,,,,,,,,,,,,,,,,,,,,,,,,,,,,,,,,,,
11392,C8-B,,20000716,2000,"ATLAS-2 (Raynolds, 2002)",Martha K. Raynolds,64.841869,-163.708623,Field Name,"Moist Cladonia spp., Carex aquatilis, Vaccinium uliginosum lichen, sedge, dwarf-shrub tundra",Moist to wet acidic tussock and nontussock (Eriophorum vaginatum-Carex bigelowii-Sphagnum-Hylocomium) tundra,,,Braun/Blanquet (old),http://static.gina.alaska.edu/geobotany/atlas2/C8_plot.jpg,,,,,,,,,,,,,,,,,,,,,,,,,,,,,,,,,,,,,,,,,,,,,,,,,,,,,,,,,,,,,,,,,,,,,,,,,,,,,,,,,,,
11393,C9,,20000716,2000,"ATLAS-2 (Raynolds, 2002)",Martha K. Raynolds,64.8852,-163.3189,Field Name,"Moist Picea glauca, Vaccinium uliginosum, Empetrum nigrum open conifer, low-shrub forest",Boreo-continental coniferous forest,,,Braun/Blanquet (old),http://static.gina.alaska.edu/geobotany/atlas2/C9_plot.jpg,http://static.gina.alaska.edu/geobotany/atlas2/C9_soils.jpg,,,,,,,,,,,,,,,,,,,,,,,,,,,,,,,,,,,,,,,,,,,,,,,,,,,,,,,,,,,,,,,,,,,,,,,,,,,,,,,,,,
11394,C13,,20000717,2000,"ATLAS-2 (Raynolds, 2002)",Martha K. Raynolds,64.7577,-163.8872,Field Name,"Dry Bryocaulon divergens, Umbillicaria proboscidea, Loiseleuria procumbens, Ledum decumbens,
 Stereocaulon paschale, Arctous alpina prostrate dwarf- shrub, lichen tundra","Dry acidic prostrate-shrub heaths (Arctous alpina, Salix phlebophylla, Empetrum heaths)",,,Braun/Blanquet (old),http://static.gina.alaska.edu/geobotany/atlas2/C13_plot.jpg,http://static.gina.alaska.edu/geobotany/atlas2/C13_soils.jpg,,,,,,,,,,,,,,,,,,,,,,,,,,,,,,,,,,,,,,,,,,,,,,,,,,,,,,,,,,,,,,,,,,,,,,,,,,,,,,,,,,
11395,C14-A,,20000717,2000,"ATLAS-2 (Raynolds, 2002)",Martha K. Raynolds,64.7554,-163.8874,Field Name,"Moist Betula nana, Empetrum nigrum, Loiseleuria procumbens, Stereocaulon tomentosum prostrate dwarf
 shrub, lichen tundra","Moist and dry acidic dwarf-shrub heaths (Vaccinium uliginosum, Empetrum nigrum, Ledum decumbens, some Betula nana-lichen heaths)",,,Braun/Blanquet (old),http://static.gina.alaska.edu/geobotany/atlas2/C14_plot.jpg,http://static.gina.alaska.edu/geobotany/atlas2/C14_soils.jpg,,,,,,,,,,,,,,,,,,,,,,,,,,,,,,,,,,,,,,,,,,,,,,,,,,,,,,,,,,,,,,,,,,,,,,,,,,,,,,,,,,
11396,C14-B,,20000717,2000,"ATLAS-2 (Raynolds, 2002)",Martha K. Raynolds,64.7504,-163.8907,Field Name,"Moist Betula nana, Empetrum nigrum, Loiseleuria procumbens, Stereocaulon tomentosum prostrate, dwarf
 shrub, lichen tundra","Moist and dry acidic dwarf-shrub heaths (Vaccinium uliginosum, Empetrum nigrum, Ledum decumbens, some Betula nana-lichen heaths)",,,Braun/Blanquet (old),http://static.gina.alaska.edu/geobotany/atlas2/C14_plot.jpg,http://static.gina.alaska.edu/geobotany/atlas2/C14_soils.jpg,,,,,,,,,,,,,,,,,,,,,,,,,,,,,,,,,,,,,,,,,,,,,,,,,,,,,,,,,,,,,,,,,,,,,,,,,,,,,,,,,,
11397,C14-C,,20000717,2000,"ATLAS-2 (Raynolds, 2002)",Martha K. Raynolds,64.7463,-163.8989,Field Name,"Moist Betula nana, Empetrum nigrum, Loiseleuria procumbens, Stereocaulon tomentosum prostrate dwarf
 shrub, lichen tundra","Moist and dry acidic dwarf-shrub heaths (Vaccinium uliginosum, Empetrum nigrum, Ledum decumbens, some Betula nana-lichen heaths)",,,Braun/Blanquet (old),http://static.gina.alaska.edu/geobotany/atlas2/C14_plot.jpg,http://static.gina.alaska.edu/geobotany/atlas2/C14_soils.jpg,,,,,,,,,,,,,,,,,,,,,,,,,,,,,,,,,,,,,,,,,,,,,,,,,,,,,,,,,,,,,,,,,,,,,,,,,,,,,,,,,,
11398,C15-A,,20000717,2000,"ATLAS-2 (Raynolds, 2002)",Martha K. Raynolds,64.7507,-163.8938,Field Name,"Moist Alnus crispa, Spiraea beauvardiana, Calamagrostis canadensis tall shrub tundra",Alder communities,,,Braun/Blanquet (old),http://static.gina.alaska.edu/geobotany/atlas2/C15_plot.jpg,http://static.gina.alaska.edu/geobotany/atlas2/C15_soils.jpg,,,,,,,,,,,,,,,,,,,,,,,,,,,,,,,,,,,,,,,,,,,,,,,,,,,,,,,,,,,,,,,,,,,,,,,,,,,,,,,,,,
11399,C15-B,,20000717,2000,"ATLAS-2 (Raynolds, 2002)",Martha K. Raynolds,64.7507,-163.8938,Field Name,"Moist Calamagrostis canadensis, Spiraea beauvardiana, Salix pulchra graminoid, low-shrub tundra",Tall forb and shrub vegetation on mesic-moist soil,,,Braun/Blanquet (old),http://static.gina.alaska.edu/geobotany/atlas2/C15_plot.jpg,http://static.gina.alaska.edu/geobotany/atlas2/C15_soils.jpg,,,,,,,,,,,,,,,,,,,,,,,,,,,,,,,,,,,,,,,,,,,,,,,,,,,,,,,,,,,,,,,,,,,,,,,,,,,,,,,,,,
11400,C16,,20000717,2000,"ATLAS-2 (Raynolds, 2002)",Martha K. Raynolds,64.7491,-163.8977,Field Name,"Moist Salix pulchra, Salix lanata low-shrub, rock tundra",Tall forb and shrub vegetation on mesic-moist soil,,,Braun/Blanquet (old),http://static.gina.alaska.edu/geobotany/atlas2/C16_plot.jpg,http://static.gina.alaska.edu/geobotany/atlas2/C16_soils.jpg,,,,,,,,,,,,,,,,,,,,,,,,,,,,,,,,,,,,,,,,,,,,,,,,,,,,,,,,,,,,,,,,,,,,,,,,,,,,,,,,,,
11401,C17,,20000717,2000,"ATLAS-2 (Raynolds, 2002)",Martha K. Raynolds,64.9093,-163.7076,Field Name,"Dry Dryas octopetala, Hedysarum mackenzii, Cetraria spp., Thamnolia subuliformis prostrate dwarf-shrub, forb, lichen barren","Dry nonacidic tundra (Dryas integrifolia, including Dryas river terraces and Dryas octopetala communities from alpine areas-Cooper units 26, 29, 32, 34)",,,Braun/Blanquet (old),http://static.gina.alaska.edu/geobotany/atlas2/C17_plot.jpg,http://static.gina.alaska.edu/geobotany/atlas2/C17_soils.jpg,,,,,,,,,,,,,,,,,,,,,,,,,,,,,,,,,,,,,,,,,,,,,,,,,,,,,,,,,,,,,,,,,,,,,,,,,,,,,,,,,,
11402,C18-A,,20000719,2000,"ATLAS-2 (Raynolds, 2002)",Martha K. Raynolds,64.938917,-163.740481,Field Name,Moist Alnus crispa tall shrub,Alder communities,,,Braun/Blanquet (old),http://static.gina.alaska.edu/geobotany/atlas2/C18_plot.jpg,http://static.gina.alaska.edu/geobotany/atlas2/C18_soils.jpg,,,,,,,,,,,,,,,,,,,,,,,,,,,,,,,,,,,,,,,,,,,,,,,,,,,,,,,,,,,,,,,,,,,,,,,,,,,,,,,,,,
11403,C18-B,,20000719,2000,"ATLAS-2 (Raynolds, 2002)",Martha K. Raynolds,64.938917,-163.740481,Field Name,"Moist Salix glauca, Pentaphylloides floribunda, Calamagrostis canadensis open low-shrub, graminoid, forb meadow",Tall forb and shrub vegetation on mesic-moist soil,,,Braun/Blanquet (old),http://static.gina.alaska.edu/geobotany/atlas2/C18_plot.jpg,http://static.gina.alaska.edu/geobotany/atlas2/C18_soils.jpg,,,,,,,,,,,,,,,,,,,,,,,,,,,,,,,,,,,,,,,,,,,,,,,,,,,,,,,,,,,,,,,,,,,,,,,,,,,,,,,,,,
11404,C19,,20000719,2000,"ATLAS-2 (Raynolds, 2002)",Martha K. Raynolds,64.9276,-163.7418,Field Name,"Moist Eriophorum vaginatum, Rubus chamaemorus, Sphagnum spp. dwarf-shrub, tussock tundra",Moist to wet acidic tussock and nontussock (Eriophorum vaginatum-Carex bigelowii-Sphagnum-Hylocomium) tundra,,,Braun/Blanquet (old),http://static.gina.alaska.edu/geobotany/atlas2/C19_plot.jpg,http://static.gina.alaska.edu/geobotany/atlas2/C19_plot%20close-up.jpg,http://static.gina.alaska.edu/geobotany/atlas2/C19_soils.jpg,,,,,,,,,,,,,,,,,,,,,,,,,,,,,,,,,,,,,,,,,,,,,,,,,,,,,,,,,,,,,,,,,,,,,,,,,,,,,,,,,
11405,BH1,,20000719,2000,"ATLAS-2 (Raynolds, 2002)",Martha K. Raynolds,64.896504,-163.656992,Field Name,"Moist Picea glauca, Betula glandulosa, Vaccinium uliginosum, Hylocomium splendens low-shrub woodland",Tall forb and shrub vegetation on mesic-moist soil,,,Braun/Blanquet (old),http://static.gina.alaska.edu/geobotany/atlas2/BH1_plot.jpg,,,,,,,,,,,,,,,,,,,,,,,,,,,,,,,,,,,,,,,,,,,,,,,,,,,,,,,,,,,,,,,,,,,,,,,,,,,,,,,,,,,
11406,C-A,,20000718,2000,"ATLAS-2 (Raynolds, 2002)",Martha K. Raynolds,64.9021,-163.7132,Field Name,"Moist Picea glauca, Salix lanata, Alnus crispa open needleleaf forest",Boreo-continental coniferous forest,,,Braun/Blanquet (old),http://static.gina.alaska.edu/geobotany/atlas2/C-A_plot.jpg,http://static.gina.alaska.edu/geobotany/atlas2/C-A_close-up.jpg,,,,,,,,,,,,,,,,,,,,,,,,,,,,,,,,,,,,,,,,,,,,,,,,,,,,,,,,,,,,,,,,,,,,,,,,,,,,,,,,,,
11407,C-C,,20000718,2000,"ATLAS-2 (Raynolds, 2002)",Martha K. Raynolds,64.90911,-163.719859,Field Name,"Moist Betula glandulosa, Salix spp. low-shrub tundra",Boreo-continental coniferous forest,,,Braun/Blanquet (old),http://static.gina.alaska.edu/geobotany/atlas2/C-C_plot.jpg,,,,,,,,,,,,,,,,,,,,,,,,,,,,,,,,,,,,,,,,,,,,,,,,,,,,,,,,,,,,,,,,,,,,,,,,,,,,,,,,,,,
11408,C-D,,20000718,2000,"ATLAS-2 (Raynolds, 2002)",Martha K. Raynolds,64.911,-163.714,Field Name,"Moist Equisetum arvense, Salix reticulata, Salix lanata, Tomenthypnum nitens open low-shrub, dwarf-shrub, moss tundra",Tall forb and shrub vegetation on mesic-moist soil,,,Braun/Blanquet (old),,,,,,,,,,,,,,,,,,,,,,,,,,,,,,,,,,,,,,,,,,,,,,,,,,,,,,,,,,,,,,,,,,,,,,,,,,,,,,,,,,,,
11409,C-E,,20000718,2000,"ATLAS-2 (Raynolds, 2002)",Martha K. Raynolds,64.9129,-163.7216,Field Name,"Moist Picea glauca, Alnus crispa, Salix spp. woodland, low-shrub tundra",Boreo-continental coniferous forest,,,Braun/Blanquet (old),,,,,,,,,,,,,,,,,,,,,,,,,,,,,,,,,,,,,,,,,,,,,,,,,,,,,,,,,,,,,,,,,,,,,,,,,,,,,,,,,,,,
11410,C-F,,2000,2000,"ATLAS-2 (Raynolds, 2002)",Martha K. Raynolds,64.919722,-163.714066,Field Name,No Data,Boreo-continental coniferous forest,,,Braun/Blanquet (old),,,,,,,,,,,,,,,,,,,,,,,,,,,,,,,,,,,,,,,,,,,,,,,,,,,,,,,,,,,,,,,,,,,,,,,,,,,,,,,,,,,,
11411,C-H,,20000718,2000,"ATLAS-2 (Raynolds, 2002)",Martha K. Raynolds,64.928002,-163.724913,Field Name,"Dry Dryas integrifolia, Cetraria spp. prostrate dwarf-shrub, lichen tundra",Dry acidic tundra (Dryas octopetala),,,Braun/Blanquet (old),,,,,,,,,,,,,,,,,,,,,,,,,,,,,,,,,,,,,,,,,,,,,,,,,,,,,,,,,,,,,,,,,,,,,,,,,,,,,,,,,,,,
11412,QC-1,,20000723,2000,"ATLAS-2 (Raynolds, 2002)",Martha K. Raynolds,65.449162,-164.629181,Field Name,"Moist Eriophorum vaginatum, Ledum decumbens, Rubus chamaemorus, Sphagnum spp. tussock graminoid, erect dwarf-shrub tundra",Moist to wet acidic tussock and nontussock (Eriophorum vaginatum-Carex bigelowii-Sphagnum-Hylocomium) tundra,,,Braun/Blanquet (old),http://static.gina.alaska.edu/geobotany/atlas2/QC-1%20plot.jpg,http://static.gina.alaska.edu/geobotany/atlas2/QC-1%20soils.jpg,,,,,,,,,,,,,,,,,,,,,,,,,,,,,,,,,,,,,,,,,,,,,,,,,,,,,,,,,,,,,,,,,,,,,,,,,,,,,,,,,,
11413,QC2-A,,20000722,2000,"ATLAS-2 (Raynolds, 2002)",Martha K. Raynolds,65.458561,-164.638968,Field Name,"Dry Empetrum nigrum, Vaccinium uliginosum, Arctous alpina, Cladonia spp. lichen, prostrate dwarf-shrub
 tundra","Dry acidic prostrate-shrub heaths (Arctous alpina, Salix phlebophylla, Empetrum heaths)",,,Braun/Blanquet (old),http://static.gina.alaska.edu/geobotany/atlas2/QC-2%20landscape.jpg,,,,,,,,,,,,,,,,,,,,,,,,,,,,,,,,,,,,,,,,,,,,,,,,,,,,,,,,,,,,,,,,,,,,,,,,,,,,,,,,,,,
11414,QC2-B,,20000722,2000,"ATLAS-2 (Raynolds, 2002)",Martha K. Raynolds,65.458561,-164.638968,Field Name,"Moist Betula nana, Salix pulchra, Carex bigelowii erect dwarf-shrub tundra",Moist nonacidic tundra (Sedge-Dryas-Tomentypnum communities),,,Braun/Blanquet (old),http://static.gina.alaska.edu/geobotany/atlas2/QC-2%20landscape.jpg,,,,,,,,,,,,,,,,,,,,,,,,,,,,,,,,,,,,,,,,,,,,,,,,,,,,,,,,,,,,,,,,,,,,,,,,,,,,,,,,,,,
11415,QC2-C,,20000722,2000,"ATLAS-2 (Raynolds, 2002)",Martha K. Raynolds,65.455279,-164.631884,Field Name,"Dry Loiseleuria procumbens, Salix phlebophylla, Sphaerophorus fragilis, Bryocaulon divergens lichen, prostrate dwarf-shrub barren","Frost boil vegetation in nonacidic tundra (Juncus biglumis, Saxifraga oppositifolia)",,,Braun/Blanquet (old),http://static.gina.alaska.edu/geobotany/atlas2/QC-2%20landscape.jpg,,,,,,,,,,,,,,,,,,,,,,,,,,,,,,,,,,,,,,,,,,,,,,,,,,,,,,,,,,,,,,,,,,,,,,,,,,,,,,,,,,,
11416,QC3-A,,20000725,2000,"ATLAS-2 (Raynolds, 2002)",Martha K. Raynolds,65.455279,-164.631884,Field Name,"Moist Salix pulchra, Calamagrostis canadensis low-shrub tundra",Tall forb and shrub vegetation on mesic-moist soil,,,Braun/Blanquet (old),http://static.gina.alaska.edu/geobotany/atlas2/QC-3%20landscape.jpg,,,,,,,,,,,,,,,,,,,,,,,,,,,,,,,,,,,,,,,,,,,,,,,,,,,,,,,,,,,,,,,,,,,,,,,,,,,,,,,,,,,
11417,QC3-B,,20000725,2000,"ATLAS-2 (Raynolds, 2002)",Martha K. Raynolds,65.5479,-163.4314,Field Name,"Moist Vaccinium uliginosum, Carex podocarpa, Solidago multiradiata, Hylocomium splendens dwarf-shrub,
 graminoid meadow",Tall forb and shrub vegetation on mesic-moist soil,,,Braun/Blanquet (old),http://static.gina.alaska.edu/geobotany/atlas2/QC-3%20landscape.jpg,,,,,,,,,,,,,,,,,,,,,,,,,,,,,,,,,,,,,,,,,,,,,,,,,,,,,,,,,,,,,,,,,,,,,,,,,,,,,,,,,,,
11418,CC-A,,20000727,2000,"ATLAS-2 (Raynolds, 2002)",Martha K. Raynolds,65.5479,-163.4314,Field Name,"Moist Cassiope tetragona, Loiseleuria procumbens, Vaccinium uliginosum, Cladonia spp., Sphaerophorus globosus prostrate dwarf-shrub, lichen tundra",Shallow acidic snowbeds (Cassiope-Carex microchaeta-Hylocomium communities),,,Braun/Blanquet (old),http://static.gina.alaska.edu/geobotany/atlas2/CC_plot.jpg,,,,,,,,,,,,,,,,,,,,,,,,,,,,,,,,,,,,,,,,,,,,,,,,,,,,,,,,,,,,,,,,,,,,,,,,,,,,,,,,,,,
11419,CC-B,,20000727,2000,"ATLAS-2 (Raynolds, 2002)",Martha K. Raynolds,65.5341,-163.5144,Field Name,"Moist Cassiope tetragona, Loiseleuria procumbens, Oxytropis bryophila, Hierochloe alpina, Cladonia spp. prostrate dwarf-shrub, lichen tundra",Shallow acidic snowbeds (Cassiope-Carex microchaeta-Hylocomium communities),,,Braun/Blanquet (old),http://static.gina.alaska.edu/geobotany/atlas2/CC_plot.jpg,,,,,,,,,,,,,,,,,,,,,,,,,,,,,,,,,,,,,,,,,,,,,,,,,,,,,,,,,,,,,,,,,,,,,,,,,,,,,,,,,,,
11420,LAVA-A,,20000727,2000,"ATLAS-2 (Raynolds, 2002)",Martha K. Raynolds,65.5341,-163.5144,Field Name,"Dry Lecidium spp., Stereocaulon vesuvianum lichen barren",Saxicolous lichen communities on silicate rocks,,,Braun/Blanquet (old),http://static.gina.alaska.edu/geobotany/atlas2/lava.jpg,,,,,,,,,,,,,,,,,,,,,,,,,,,,,,,,,,,,,,,,,,,,,,,,,,,,,,,,,,,,,,,,,,,,,,,,,,,,,,,,,,,
11421,LAVA-B,,20000727,2000,"ATLAS-2 (Raynolds, 2002)",Martha K. Raynolds,65.5341,-163.5144,Field Name,"Dry Rhizocarpon geographicum, Umbillicaria proboscidea, Haematomma spp. lichen barren",Saxicolous lichen communities on silicate rocks,,,Braun/Blanquet (old),http://static.gina.alaska.edu/geobotany/atlas2/lava.jpg,,,,,,,,,,,,,,,,,,,,,,,,,,,,,,,,,,,,,,,,,,,,,,,,,,,,,,,,,,,,,,,,,,,,,,,,,,,,,,,,,,,
11422,LAVA-C,,20000727,2000,"ATLAS-2 (Raynolds, 2002)",Martha K. Raynolds,64.9087,-165.0687,Field Name,"Moist Loiseleuria procumbens, Empetrum nigrum, Cladonia stellaris, Cetraria nivalis, prostrate dwarf-shrub lichen","Dry acidic prostrate-shrub heaths (Arctous alpina, Salix phlebophylla, Empetrum heaths)",,,Braun/Blanquet (old),http://static.gina.alaska.edu/geobotany/atlas2/lava.jpg,,,,,,,,,,,,,,,,,,,,,,,,,,,,,,,,,,,,,,,,,,,,,,,,,,,,,,,,,,,,,,,,,,,,,,,,,,,,,,,,,,,
11423,QC25-A,,20000729,2000,"ATLAS-2 (Raynolds, 2002)",Martha K. Raynolds,65.458561,-164.638968,Field Name,Moist Alnus crispa tall shrub,Alder communities,,,Braun/Blanquet (old),http://static.gina.alaska.edu/geobotany/atlas2/QC-25A%20plot.jpg,,,,,,,,,,,,,,,,,,,,,,,,,,,,,,,,,,,,,,,,,,,,,,,,,,,,,,,,,,,,,,,,,,,,,,,,,,,,,,,,,,,
11424,QC25-B,,20000729,2000,"ATLAS-2 (Raynolds, 2002)",Martha K. Raynolds,64.9087,-165.0687,Field Name,"Moist Calamagrostis canadensis, Spiraea beauvardiana, Senecio lugens grass, forb meadow",Tall forb and shrub vegetation on mesic-moist soil,,,Braun/Blanquet (old),http://static.gina.alaska.edu/geobotany/atlas2/QC-25B%20plot.jpg,,,,,,,,,,,,,,,,,,,,,,,,,,,,,,,,,,,,,,,,,,,,,,,,,,,,,,,,,,,,,,,,,,,,,,,,,,,,,,,,,,,
11425,QC35-A,,20000729,2000,"ATLAS-2 (Raynolds, 2002)",Martha K. Raynolds,64.9704,-164.7593,Field Name,"Dry Betula nana, Loiseleuria procumbens, Stereocaulon paschale prostrate dwarf-shrub, lichen tundra","Dry nonacidic tundra (Dryas integrifolia, including Dryas river terraces and Dryas octopetala communities from alpine areas",,,Braun/Blanquet (old),http://static.gina.alaska.edu/geobotany/atlas2/QC-35A%20plot.jpg,,,,,,,,,,,,,,,,,,,,,,,,,,,,,,,,,,,,,,,,,,,,,,,,,,,,,,,,,,,,,,,,,,,,,,,,,,,,,,,,,,,
11426,QC35-B,,20000729,2000,"ATLAS-2 (Raynolds, 2002)",Martha K. Raynolds,64.9704,-164.7593,Field Name,"Dry Rhododendron camschaticum, Loiseleuria procumbens
 dwarf-shrub, forb barren","Dry nonacidic tundra (Dryas integrifolia, including Dryas river terraces and Dryas octopetala communities from alpine areas",,,Braun/Blanquet (old),http://static.gina.alaska.edu/geobotany/atlas2/QC-35B%20plot.jpg,,,,,,,,,,,,,,,,,,,,,,,,,,,,,,,,,,,,,,,,,,,,,,,,,,,,,,,,,,,,,,,,,,,,,,,,,,,,,,,,,,,
11427,QC38-A,,20000728,2000,"ATLAS-2 (Raynolds, 2002)",Martha K. Raynolds,65.018524,-164.698334,Field Name,"Dry Empetrum nigrum, Loiseleuria procumbens, Arctous alpina, prostrate dwarf-shrub/lichen tundra","Dry acidic prostrate-shrub heaths (Arctous alpina, Salix phlebophylla, Empetrum heaths)",,,Braun/Blanquet (old),http://static.gina.alaska.edu/geobotany/atlas2/QC-38%20landscape.jpg,,,,,,,,,,,,,,,,,,,,,,,,,,,,,,,,,,,,,,,,,,,,,,,,,,,,,,,,,,,,,,,,,,,,,,,,,,,,,,,,,,,
11428,QC38-B,,20000728,2000,"ATLAS-2 (Raynolds, 2002)",Martha K. Raynolds,65.018524,-164.698334,Field Name,"Dry Dryas octopetala, Salix phlebophylla, Rhododendron camschaticum prostrate dwarf-shrub/lichen barren",Dry acidic tundra (Dryas octopetala),,,Braun/Blanquet (old),http://static.gina.alaska.edu/geobotany/atlas2/QC-38%20landscape.jpg,http://static.gina.alaska.edu/geobotany/atlas2/QC-38B%20plot.jpg,,,,,,,,,,,,,,,,,,,,,,,,,,,,,,,,,,,,,,,,,,,,,,,,,,,,,,,,,,,,,,,,,,,,,,,,,,,,,,,,,,
11429,QC45,,20000728,2000,"ATLAS-2 (Raynolds, 2002)",Martha K. Raynolds,65.092749,-164.678454,Field Name,"Moist Eriophorum vaginatum, Cladonia spp., Sphagnum lenense dwarf-shrub, lichen, tussock tundra",Moist to wet acidic tussock and nontussock (Eriophorum vaginatum-Carex bigelowii-Sphagnum-Hylocomium) tundra,,,Braun/Blanquet (old),http://static.gina.alaska.edu/geobotany/atlas2/QC-45%20landscape.jpg,http://static.gina.alaska.edu/geobotany/atlas2/QC-45%20plot.jpg,http://static.gina.alaska.edu/geobotany/atlas2/QC-45%20close-up.jpg,,,,,,,,,,,,,,,,,,,,,,,,,,,,,,,,,,,,,,,,,,,,,,,,,,,,,,,,,,,,,,,,,,,,,,,,,,,,,,,,,
11430,QC49,,20000728,2000,"ATLAS-2 (Raynolds, 2002)",Martha K. Raynolds,65.1539,-164.7839,Field Name,"Moist Betula nana, Alnus crispa, Vaccinium uliginosum, Carex bigelowii low-shrub, graminoid tundra","Moist and dry acidic dwarf-shrub heaths (Vaccinium uliginosum, Empetrum nigrum, Ledum decumbens, some Betula nana-lichen heaths)",,,Braun/Blanquet (old),http://static.gina.alaska.edu/geobotany/atlas2/QC-49%20landscape.jpg,http://static.gina.alaska.edu/geobotany/atlas2/QC-49%20close-up.jpg,,,,,,,,,,,,,,,,,,,,,,,,,,,,,,,,,,,,,,,,,,,,,,,,,,,,,,,,,,,,,,,,,,,,,,,,,,,,,,,,,,