Releve number,Field releve number,Date (year/month/day),Year plot surveyed,Dataset,Surveyed by (PI of project),lat,lon,System for plant community name,Plant community name,Habitat Type,Cover abundance scale,Marker-symbol,Image_url1,Image_url2
171,SW01,19840801,1984,Imnavait Creek vegetation (Walker et al. 1987a),Donald A. 'Skip' Walker,68.616404,-149.31386,Braun-Blanquet name,Sphagno-Eriophoretum vaginati subass. typicum Walker et al. 1994,Moist to wet acidic tussock and nontussock (Eriophorum vaginatum-Carex bigelowii-Sphagnum-Hylocomium) tundra,Percentage (%),,http://static.gina.alaska.edu/geobotany/Imanavait_Creek_Photos/imnavaitcreek_sw-1_plot.jpg,http://static.gina.alaska.edu/geobotany/Imanavait_Creek_Photos/imnavaitcreek_sw-1_soils.jpg
172,SW02,19840801,1984,Imnavait Creek vegetation (Walker et al. 1987a),Donald A. 'Skip' Walker,68.616927,-149.315557,Field name,"Salix planifolia ssp. pulchra, Eriophorum angustifolium, Drepanocladus uncinatus low-shrub, sedge tundra.",Willow shrub vegetation of riparian areas and warm habitats (south-facing slopes),Percentage (%),,http://static.gina.alaska.edu/geobotany/Imanavait_Creek_Photos/imnavaitcreek_sw-2_plot.jpg,http://static.gina.alaska.edu/geobotany/Imanavait_Creek_Photos/imnavaitcreek_sw-2_soils.jpg
173,SW03,19840803,1984,Imnavait Creek vegetation (Walker et al. 1987a),Donald A. 'Skip' Walker,68.616066,-149.313924,Braun-Blanquet name,Sphagno-Eriophoretum vaginati subass. typicum Walker et al. 1994,Moist to wet acidic tussock and nontussock (Eriophorum vaginatum-Carex bigelowii-Sphagnum-Hylocomium) tundra,Percentage (%),,http://static.gina.alaska.edu/geobotany/Imanavait_Creek_Photos/imnavaitcreek_sw-3_plot.jpg,http://static.gina.alaska.edu/geobotany/Imanavait_Creek_Photos/imnavaitcreek_sw-3_soils.jpg
174,SW04A,19840803,1984,Imnavait Creek vegetation (Walker et al. 1987a),Donald A. 'Skip' Walker,68.615957,-149.31392,Braun-Blanquet name,Sphagno-Eriophoretum vaginati subass. typicum Walker et al. 1994,Moist to wet acidic tussock and nontussock (Eriophorum vaginatum-Carex bigelowii-Sphagnum-Hylocomium) tundra,Percentage (%),,http://static.gina.alaska.edu/geobotany/Imanavait_Creek_Photos/imnavaitcreek_sw-4_plot.jpg,http://static.gina.alaska.edu/geobotany/Imanavait_Creek_Photos/imnavaitcreek_sw-4_soils.jpg
175,SW04B,19840803,1984,Imnavait Creek vegetation (Walker et al. 1987a),Donald A. 'Skip' Walker,68.615957,-149.31392,Field name,"Salix planifolia ssp. pulchra, Vaccinium uliginosum, Carex bigelowii, Sphagnum rubellum, Aulacomnium palustre low-shrub tundra.",Moist to wet acidic low-shrub heaths (wet to moist Betula nana-Sphagnum heaths),Percentage (%),,http://static.gina.alaska.edu/geobotany/Imanavait_Creek_Photos/imnavaitcreek_sw-4_plot.jpg,
176,SW05,19840803,1984,Imnavait Creek vegetation (Walker et al. 1987a),Donald A. 'Skip' Walker,68.615678,-149.313957,Braun-Blanquet name,Sphagno-Eriphoretum vaginati subass. betuletosum nanae Walker et al. 1994,Moist to wet acidic low-shrub heaths (wet to moist Betula nana-Sphagnum heaths),Percentage (%),,http://static.gina.alaska.edu/geobotany/Imanavait_Creek_Photos/imnavaitcreek_sw-5_plot.jpg,http://static.gina.alaska.edu/geobotany/Imanavait_Creek_Photos/imnavaitcreek_sw-5_soils.jpg
177,SW06,19840803,1984,Imnavait Creek vegetation (Walker et al. 1987a),Donald A. 'Skip' Walker,68.615553,-149.314201,Braun-Blanquet name,Sphagno-Eriophoretum vaginati subass. typicum Walker et al. 1994,Moist to wet acidic tussock and nontussock (Eriophorum vaginatum-Carex bigelowii-Sphagnum-Hylocomium) tundra,Percentage (%),,http://static.gina.alaska.edu/geobotany/Imanavait_Creek_Photos/imnavaitcreek_sw-6_plot.jpg,http://static.gina.alaska.edu/geobotany/Imanavait_Creek_Photos/imnavaitcreek_sw-6_soils.jpg
178,SW07,19840803,1984,Imnavait Creek vegetation (Walker et al. 1987a),Donald A. 'Skip' Walker,68.615468,-149.313987,Braun-Blanquet name,Sphagno-Eriophoretum vaginati subass. typicum Walker et al. 1994,Moist to wet acidic low-shrub heaths (wet to moist Betula nana-Sphagnum heaths),Percentage (%),,http://static.gina.alaska.edu/geobotany/Imanavait_Creek_Photos/imnavaitcreek_sw-7_plot.jpg,http://static.gina.alaska.edu/geobotany/Imanavait_Creek_Photos/imnavaitcreek_sw-7_soils.jpg
179,SW08,19840803,1984,Imnavait Creek vegetation (Walker et al. 1987a),Donald A. 'Skip' Walker,68.615335,-149.314011,Braun-Blanquet name,Sphagno-Eriophoretum vaginati subass. typicum Walker et al. 1994,Moist to wet acidic tussock and nontussock (Eriophorum vaginatum-Carex bigelowii-Sphagnum-Hylocomium) tundra,Percentage (%),,http://static.gina.alaska.edu/geobotany/Imanavait_Creek_Photos/imnavaitcreek_sw-8_plot.jpg,http://static.gina.alaska.edu/geobotany/Imanavait_Creek_Photos/imnavaitcreek_sw-8_soils.jpg
180,SW09,19840804,1984,Imnavait Creek vegetation (Walker et al. 1987a),Donald A. 'Skip' Walker,68.615185,-149.314009,Braun-Blanquet name,Salici phlebophyllae-Arctoetum alpinae Walker et al. 1994,"Dry acidic prostrate-shrub heaths (Arctous alpina, Salix phlebophylla, Empetrum heaths)",Percentage (%),,http://static.gina.alaska.edu/geobotany/Imanavait_Creek_Photos/imnavaitcreek_sw-9_plot.jpg,http://static.gina.alaska.edu/geobotany/Imanavait_Creek_Photos/imnavaitcreek_sw-9_soils.jpg
181,SW10,19840804,1984,Imnavait Creek vegetation (Walker et al. 1987a),Donald A. 'Skip' Walker,68.61497,-149.313902,Braun-Blanquet name,Sphagno-Eriphoretum vaginati subass. betuletosum nanae Walker et al. 1994,Moist to wet acidic low-shrub heaths (wet to moist Betula nana-Sphagnum heaths),Percentage (%),,http://static.gina.alaska.edu/geobotany/Imanavait_Creek_Photos/imnavaitcreek_sw-10_plot.jpg,http://static.gina.alaska.edu/geobotany/Imanavait_Creek_Photos/imnavaitcreek_sw-10_soils.jpg
182,SW11,19840804,1984,Imnavait Creek vegetation (Walker et al. 1987a),Donald A. 'Skip' Walker,68.614913,-149.313964,Field name,"Salix planifolia ssp. pulchra, Eriophorum angustifolium, Betula nana, Sphagnum spp., low-shrub, sedge tundra.",Willow shrub vegetation of riparian areas and warm habitats (south-facing slopes),Percentage (%),,http://static.gina.alaska.edu/geobotany/Imanavait_Creek_Photos/imnavaitcreek_sw-11_plot.jpg,http://static.gina.alaska.edu/geobotany/Imanavait_Creek_Photos/imnavaitcreek_sw-11_soils.jpg
183,SW12,19840804,1984,Imnavait Creek vegetation (Walker et al. 1987a),Donald A. 'Skip' Walker,68.614505,-149.314095,Braun-Blanquet name,Sphagno-Eriophoretum vaginati subass. typicum Walker et al. 1994,Moist to wet acidic tussock and nontussock (Eriophorum vaginatum-Carex bigelowii-Sphagnum-Hylocomium) tundra,Percentage (%),,http://static.gina.alaska.edu/geobotany/Imanavait_Creek_Photos/imnavaitcreek_sw-12_plot.jpg,http://static.gina.alaska.edu/geobotany/Imanavait_Creek_Photos/imnavaitcreek_sw-12_soils.jpg
184,SW13,19840804,1984,Imnavait Creek vegetation (Walker et al. 1987a),Donald A. 'Skip' Walker,68.614375,-149.315923,Braun-Blanquet name,Sphagno-Eriophoretum vaginati subass. typicum Walker et al. 1994,Moist to wet acidic low-shrub heaths (wet to moist Betula nana-Sphagnum heaths),Percentage (%),,http://static.gina.alaska.edu/geobotany/Imanavait_Creek_Photos/imnavaitcreek_sw-13_plot.jpg,http://static.gina.alaska.edu/geobotany/Imanavait_Creek_Photos/imnavaitcreek_sw-13_soils.jpg
185,SW14,19840804,1984,Imnavait Creek vegetation (Walker et al. 1987a),Donald A. 'Skip' Walker,68.614491,-149.317891,Field name,"Carex aquatilis, Rubus chamaemorus, Salix fuscescens, Sphagnum spp., sedge, dwarf-shrub, moss tundra.",Wet acidic Sphagnum-rich mires (bogs),Percentage (%),,http://static.gina.alaska.edu/geobotany/Imanavait_Creek_Photos/imnavaitcreek_sw-14_plot.jpg,http://static.gina.alaska.edu/geobotany/Imanavait_Creek_Photos/imnavaitcreek_sw-14_soils.jpg
186,SW15,19840804,1984,Imnavait Creek vegetation (Walker et al. 1987a),Donald A. 'Skip' Walker,68.613997,-149.317875,Braun-Blanquet name,Sphagno-Eriphoretum vaginati subass. betuletosum nanae Walker et al. 1994,Moist to wet acidic low-shrub heaths (wet to moist Betula nana-Sphagnum heaths),Percentage (%),,http://static.gina.alaska.edu/geobotany/Imanavait_Creek_Photos/imnavaitcreek_sw-15_plot.jpg,http://static.gina.alaska.edu/geobotany/Imanavait_Creek_Photos/imnavaitcreek_sw-15_soils.jpg
187,SW16,19840805,1984,Imnavait Creek vegetation (Walker et al. 1987a),Donald A. 'Skip' Walker,68.613978,-149.318158,Field name,"Carex aquatilis, Eriophorum angustifolium, sedge tundra.","Wet nonacidic tundra (Carex spp., Eriophorum spp.-Amblystegiaceae communities)",Percentage (%),,http://static.gina.alaska.edu/geobotany/Imanavait_Creek_Photos/imnavaitcreek_sw-16_plot.jpg,http://static.gina.alaska.edu/geobotany/Imanavait_Creek_Photos/imnavaitcreek_sw-16_soils.jpg
188,SW17,19840805,1984,Imnavait Creek vegetation (Walker et al. 1987a),Donald A. 'Skip' Walker,68.613286,-149.317333,Braun-Blanquet name,Sphagno-Eriophoretum vaginati subass. typicum Walker et al. 1994,Moist to wet acidic low-shrub heaths (wet to moist Betula nana-Sphagnum heaths),Percentage (%),,http://static.gina.alaska.edu/geobotany/Imanavait_Creek_Photos/imnavaitcreek_sw-17_plot.jpg,http://static.gina.alaska.edu/geobotany/Imanavait_Creek_Photos/imnavaitcreek_sw-17_soils.jpg
189,SW18,19840805,1984,Imnavait Creek vegetation (Walker et al. 1987a),Donald A. 'Skip' Walker,68.61309,-149.317699,Field name,"Carex aquatilis, Salix fuscescens, Salix chamissonis, Carex rariflora, Sphagnum spp., sedge tundra.",Wet acidic Sphagnum-rich mires (bogs),Percentage (%),,http://static.gina.alaska.edu/geobotany/Imanavait_Creek_Photos/imnavaitcreek_sw-18_plot.jpg,http://static.gina.alaska.edu/geobotany/Imanavait_Creek_Photos/imnavaitcreek_sw-18_soils.jpg
190,SW19,19840805,1984,Imnavait Creek vegetation (Walker et al. 1987a),Donald A. 'Skip' Walker,68.612987,-149.31682,Field name,"Eriophorum scheuchzeri, Salix fuscescens, Sphagnum lenense, sedge, dwarf-shrub, moss tundra.",Wet acidic Sphagnum-rich mires (bogs),Percentage (%),,http://static.gina.alaska.edu/geobotany/Imanavait_Creek_Photos/imnavaitcreek_sw-19_plot.jpg,http://static.gina.alaska.edu/geobotany/Imanavait_Creek_Photos/imnavaitcreek_sw-19_soils.jpg
191,SW20,19840805,1984,Imnavait Creek vegetation (Walker et al. 1987a),Donald A. 'Skip' Walker,68.612536,-149.316464,Field name,"Carex rotundata, Eriophorum scheuchzeri, Salix fuscescens, Sphagnum lenense sedge, dwarf-shrub, moss tundra.",Wet acidic Sphagnum-rich mires (bogs),Percentage (%),,http://static.gina.alaska.edu/geobotany/Imanavait_Creek_Photos/imnavaitcreek_sw-20_plot.jpg,http://static.gina.alaska.edu/geobotany/Imanavait_Creek_Photos/imnavaitcreek_sw-20_soils.jpg
192,SW21A,19840805,1984,Imnavait Creek vegetation (Walker et al. 1987a),Donald A. 'Skip' Walker,68.611505,-149.316372,Field name,"Carex rotundata, C. rariflora, Eriophorum scheuchzeri, Sphagnum imbricatum sedge tundra.",Wet acidic Sphagnum-rich mires (bogs),Percentage (%),,http://static.gina.alaska.edu/geobotany/Imanavait_Creek_Photos/imnavaitcreek_sw-21_plot.jpg,
193,SW21B,19840805,1984,Imnavait Creek vegetation (Walker et al. 1987a),Donald A. 'Skip' Walker,68.611505,-149.316372,Field name,"Betula nana, Vaccinium uliginosum, Sphagnum lenense dwarf-shrub tundra",Moist to wet acidic low-shrub heaths (wet to moist Betula nana-Sphagnum heaths),Percentage (%),,http://static.gina.alaska.edu/geobotany/Imanavait_Creek_Photos/imnavaitcreek_sw-21_plot.jpg,http://static.gina.alaska.edu/geobotany/Imanavait_Creek_Photos/imnavaitcreek_sw-21_soils.jpg
194,SW22A,19840805,1984,Imnavait Creek vegetation (Walker et al. 1987a),Donald A. 'Skip' Walker,68.610486,-149.315723,Field name,"Carex rariflora, C. rotundata, Eriophorum scheuchzeri, Sphagnum lindbergii sedge tundra.",Wet acidic Sphagnum-rich mires (bogs),Percentage (%),,http://static.gina.alaska.edu/geobotany/Imanavait_Creek_Photos/imnavaitcreek_sw-22_plot.jpg,
195,SW22B,19840805,1984,Imnavait Creek vegetation (Walker et al. 1987a),Donald A. 'Skip' Walker,68.610486,-149.315723,Field name,"Eriophorum scheuchzeri, Andromeda polifolia, Salix fuscescens, Sphagnum lenense sedge, dwarf-shrub tundra.",Wet acidic Sphagnum-rich mires (bogs),Percentage (%),,http://static.gina.alaska.edu/geobotany/Imanavait_Creek_Photos/imnavaitcreek_sw-22_plot.jpg,http://static.gina.alaska.edu/geobotany/Imanavait_Creek_Photos/imnavaitcreek_sw-22_soils.jpg
196,SW23,19840805,1984,Imnavait Creek vegetation (Walker et al. 1987a),Donald A. 'Skip' Walker,68.609599,-149.315084,Field name,"Carex aquatilis, C. rotundata, sedge tundra.","Wet nonacidic tundra (Carex spp., Eriophorum spp.-Amblystegiaceae communities)",Percentage (%),,http://static.gina.alaska.edu/geobotany/Imanavait_Creek_Photos/imnavaitcreek_sw-23_plot.jpg,http://static.gina.alaska.edu/geobotany/Imanavait_Creek_Photos/imnavaitcreek_sw-23_soils.jpg
197,SW24,19840806,1984,Imnavait Creek vegetation (Walker et al. 1987a),Donald A. 'Skip' Walker,68.609486,-149.314591,Braun-Blanquet name,Sphagno-Eriophoretum vaginati subass. typicum Walker et al. 1994,Moist to wet acidic low-shrub heaths (wet to moist Betula nana-Sphagnum heaths),Percentage (%),,http://static.gina.alaska.edu/geobotany/Imanavait_Creek_Photos/imnavaitcreek_sw-24_plot.jpg,http://static.gina.alaska.edu/geobotany/Imanavait_Creek_Photos/imnavaitcreek_sw-24_soils.jpg
198,SW25A,19840806,1984,Imnavait Creek vegetation (Walker et al. 1987a),Donald A. 'Skip' Walker,68.609322,-149.314455,Field name,"Carex rariflora, Betula nana, Salix fuscescens, Sphagnum spp. sedge, dwarf-shrub tundra.",Wet acidic Sphagnum-rich mires (bogs),Percentage (%),,http://static.gina.alaska.edu/geobotany/Imanavait_Creek_Photos/imnavaitcreek_sw-25_plot.jpg,http://static.gina.alaska.edu/geobotany/Imanavait_Creek_Photos/imnavaitcreek_sw-25_soils.jpg
199,SW25B,19840806,1984,Imnavait Creek vegetation (Walker et al. 1987a),Donald A. 'Skip' Walker,68.609322,-149.314455,Field name,"Carex rariflora, Eriophorum scheuchzeri, C. rotundata, Sphagnum imbricatum sedge tundra.",Wet acidic Sphagnum-rich mires (bogs),Percentage (%),,http://static.gina.alaska.edu/geobotany/Imanavait_Creek_Photos/imnavaitcreek_sw-25_plot.jpg,
200,SW26,19840806,1984,Imnavait Creek vegetation (Walker et al. 1987a),Donald A. 'Skip' Walker,68.610744,-149.321721,Field name,"Cassiope tetragona, Vaccinium uliginosum, Carex bigelowii, Tortula ruralis, Dicranum elongatum, Cetraria nivalis, Cladonia spp. fruticose lichen tundra.",Shallow acidic snowbeds (Cassiope-Carex microchaeta-Hylocomium communities),Percentage (%),,http://static.gina.alaska.edu/geobotany/Imanavait_Creek_Photos/imnavaitcreek_sw-26_plot.jpg,http://static.gina.alaska.edu/geobotany/Imanavait_Creek_Photos/imnavaitcreek_sw-26_soils.jpg
201,SW27,19840806,1984,Imnavait Creek vegetation (Walker et al. 1987a),Donald A. 'Skip' Walker,68.610768,-149.321705,Braun-Blanquet name,Sphagno-Eriophoretum vaginati subass. typicum Walker et al. 1994,Moist to wet acidic tussock and nontussock (Eriophorum vaginatum-Carex bigelowii-Sphagnum-Hylocomium) tundra,Percentage (%),,http://static.gina.alaska.edu/geobotany/Imanavait_Creek_Photos/imnavaitcreek_sw-27_plot.jpg,http://static.gina.alaska.edu/geobotany/Imanavait_Creek_Photos/imnavaitcreek_sw-27_soils.jpg
202,SW28,19840806,1984,Imnavait Creek vegetation (Walker et al. 1987a),Donald A. 'Skip' Walker,68.611454,-149.323116,Braun-Blanquet name,Salici phlebophyllae-Arctoetum alpinae Walker et al. 1994,"Dry acidic prostrate-shrub heaths (Arctous alpina, Salix phlebophylla, Empetrum heaths)",Percentage (%),,http://static.gina.alaska.edu/geobotany/Imanavait_Creek_Photos/imnavaitcreek_sw-28_plot.jpg,http://static.gina.alaska.edu/geobotany/Imanavait_Creek_Photos/imnavaitcreek_sw-28_soils.jpg
203,SW29A,19840806,1984,Imnavait Creek vegetation (Walker et al. 1987a),Donald A. 'Skip' Walker,68.611822,-149.323229,Braun-Blanquet name,Carci microchaetae-Cassiopetum tetragonae Walker et al. 1994,"Moist and dry acidic dwarf-shrub heaths (Vaccinium uliginosum, Empetrum nigrum, Ledum decumbens, some Betula nana-lichen heaths)",Percentage (%),,http://static.gina.alaska.edu/geobotany/Imanavait_Creek_Photos/imnavaitcreek_sw-29_plot.jpg,http://static.gina.alaska.edu/geobotany/Imanavait_Creek_Photos/imnavaitcreek_sw-29a_soils.jpg
204,SW29B,19840806,1984,Imnavait Creek vegetation (Walker et al. 1987a),Donald A. 'Skip' Walker,68.611822,-149.323229,Field name,"Arctous alpina, Luzula arctica, Polytrichum strictum, Alectoria ochroleuca barren.","Dry acidic prostrate-shrub heaths (Arctous alpina, Salix phlebophylla, Empetrum heaths)",Percentage (%),,http://static.gina.alaska.edu/geobotany/Imanavait_Creek_Photos/imnavaitcreek_sw-29_plot.jpg,http://static.gina.alaska.edu/geobotany/Imanavait_Creek_Photos/imnavaitcreek_sw-29b_soils.jpg
205,SW30A,19840807,1984,Imnavait Creek vegetation (Walker et al. 1987a),Donald A. 'Skip' Walker,68.615702,-149.325283,Braun-Blanquet name,Carci microchaetae-Cassiopetum tetragonae Walker et al. 1994,"Moist and dry acidic dwarf-shrub heaths (Vaccinium uliginosum, Empetrum nigrum, Ledum decumbens, some Betula nana-lichen heaths)",Percentage (%),,http://static.gina.alaska.edu/geobotany/Imanavait_Creek_Photos/imnavaitcreek_sw-30_plot.jpg,http://static.gina.alaska.edu/geobotany/Imanavait_Creek_Photos/imnavaitcreek_sw-30a_soils.jpg
206,SW30B,19840807,1984,Imnavait Creek vegetation (Walker et al. 1987a),Donald A. 'Skip' Walker,68.615702,-149.325283,Field name,"Salix phlebophylla, Luzula arctica, Diapensia lapponica, Rhacomitrium lanuginosum, Alectoria ochroleuca barren.","Dry acidic prostrate-shrub heaths (Arctous alpina, Salix phlebophylla, Empetrum heaths)",Percentage (%),,http://static.gina.alaska.edu/geobotany/Imanavait_Creek_Photos/imnavaitcreek_sw-30_plot.jpg,http://static.gina.alaska.edu/geobotany/Imanavait_Creek_Photos/imnavaitcreek_sw-30b_soils.jpg
207,SW31,19840807,1984,Imnavait Creek vegetation (Walker et al. 1987a),Donald A. 'Skip' Walker,68.615732,-149.325148,Braun-Blanquet name,Sphagno-Eriophoretum vaginati subass. typicum Walker et al. 1994,Moist to wet acidic tussock and nontussock (Eriophorum vaginatum-Carex bigelowii-Sphagnum-Hylocomium) tundra,Percentage (%),,http://static.gina.alaska.edu/geobotany/Imanavait_Creek_Photos/imnavaitcreek_sw-31_plot.jpg,http://static.gina.alaska.edu/geobotany/Imanavait_Creek_Photos/imnavaitcreek_sw-31_soils.jpg
208,SW32A,19840807,1984,Imnavait Creek vegetation (Walker et al. 1987a),Donald A. 'Skip' Walker,68.615848,-149.325125,Braun-Blanquet name,Carci microchaetae-Cassiopetum tetragonae Walker et al. 1994,Shallow acidic snowbeds (Cassiope-Carex microchaeta-Hylocomium communities),Percentage (%),,http://static.gina.alaska.edu/geobotany/Imanavait_Creek_Photos/imnavaitcreek_sw-32_plot.jpg,http://static.gina.alaska.edu/geobotany/Imanavait_Creek_Photos/imnavaitcreek_sw-32a_soils.jpg
209,SW32B,19840807,1984,Imnavait Creek vegetation (Walker et al. 1987a),Donald A. 'Skip' Walker,68.615848,-149.325125,Field name,"Salix phlebophylla, Luzula arctica barren","Dry acidic prostrate-shrub heaths (Arctous alpina, Salix phlebophylla, Empetrum heaths)",Percentage (%),,http://static.gina.alaska.edu/geobotany/Imanavait_Creek_Photos/imnavaitcreek_sw-32_plot.jpg,http://static.gina.alaska.edu/geobotany/Imanavait_Creek_Photos/imnavaitcreek_sw-32b_soils.jpg
210,SW33,19840807,1984,Imnavait Creek vegetation (Walker et al. 1987a),Donald A. 'Skip' Walker,68.617381,-149.32286,Braun-Blanquet name,Selaginello sibiricae-Dryadetum octopetalae Walker et al. 1994,Dry acidic tundra (Dryas octopetala),Percentage (%),,http://static.gina.alaska.edu/geobotany/Imanavait_Creek_Photos/imnavaitcreek_sw-33_plot.jpg,http://static.gina.alaska.edu/geobotany/Imanavait_Creek_Photos/imnavaitcreek_sw-33_soils.jpg
211,SW34,19840807,1984,Imnavait Creek vegetation (Walker et al. 1987a),Donald A. 'Skip' Walker,68.616776,-149.319289,Field name,"Salix planifolia ssp. pulchra, Eriophorum angustifolium, Petasites frigidus, Drepanocladus uncinatus, Sphagnum spp. low-shrub, sedge tundra.",Willow shrub vegetation of riparian areas and warm habitats (south-facing slopes),Percentage (%),,http://static.gina.alaska.edu/geobotany/Imanavait_Creek_Photos/imnavaitcreek_sw-34_plot.jpg,http://static.gina.alaska.edu/geobotany/Imanavait_Creek_Photos/imnavaitcreek_sw-34_soils.jpg
212,SW35A,19840807,1984,Imnavait Creek vegetation (Walker et al. 1987a),Donald A. 'Skip' Walker,68.616464,-149.319421,Braun-Blanquet name,Sphagno-Eriophoretum vaginati subass. typicum Walker et al. 1994,Willow shrub vegetation of riparian areas and warm habitats (south-facing slopes),Percentage (%),,http://static.gina.alaska.edu/geobotany/Imanavait_Creek_Photos/imnavaitcreek_sw-35_plot.jpg,
213,SW35B,19840807,1984,Imnavait Creek vegetation (Walker et al. 1987a),Donald A. 'Skip' Walker,68.616464,-149.319421,Field name,"Eriophorum angustifolium, Salix planifolia ssp. pulchra, Aulacomnium palustre, Drepanocladus uncinatus, Sphagnum angustifolium, Sphagnum spp., Sedge, moss tundra.",Willow shrub vegetation of riparian areas and warm habitats (south-facing slopes),Percentage (%),,http://static.gina.alaska.edu/geobotany/Imanavait_Creek_Photos/imnavaitcreek_sw-35_plot.jpg,http://static.gina.alaska.edu/geobotany/Imanavait_Creek_Photos/imnavaitcreek_sw-35_soils.jpg
214,SW36A,19840807,1984,Imnavait Creek vegetation (Walker et al. 1987a),Donald A. 'Skip' Walker,68.616289,-149.31939,Field name,"Salix planifolia ssp. pulchra, Eriophorum angustifolium, Petasites frigidus, Hylocomium splendens, Aulacomnium palustre, Sphagnum spp. low-shrub, sedge tundra.",Willow shrub vegetation of riparian areas and warm habitats (south-facing slopes),Percentage (%),,http://static.gina.alaska.edu/geobotany/Imanavait_Creek_Photos/imnavaitcreek_sw-36_plot.jpg,http://static.gina.alaska.edu/geobotany/Imanavait_Creek_Photos/imnavaitcreek_sw-36_soils.jpg
215,SW36B,19840807,1984,Imnavait Creek vegetation (Walker et al. 1987a),Donald A. 'Skip' Walker,68.616289,-149.31939,Field name,"Eriophorum angustifolium, Salix planifolia ssp. pulchra, Drepanocladus uncinatus, Sphagnum spp. sedge, low shrub tundra. Inter-hummock areas in water track.",Willow shrub vegetation of riparian areas and warm habitats (south-facing slopes),Percentage (%),,http://static.gina.alaska.edu/geobotany/Imanavait_Creek_Photos/imnavaitcreek_sw-36_plot.jpg,
216,SW37,19840807,1984,Imnavait Creek vegetation (Walker et al. 1987a),Donald A. 'Skip' Walker,68.62,-149.318,Field name,"Sparganium hyperboreum, Hippuris vulgaris, Calliergon sarmentosum forb marsh pond in beaded stream.","Aquatic forb marshes (Hippuris, Sparganium, Menyanthes, Utricularia, Ranunculus communities)",Percentage (%),,http://static.gina.alaska.edu/geobotany/Imanavait_Creek_Photos/imnavaitcreek_sw-37_plot.jpg,http://static.gina.alaska.edu/geobotany/Imanavait_Creek_Photos/imnavaitcreek_sw-37_soils.jpg
217,SW38,19840808,1984,Imnavait Creek vegetation (Walker et al. 1987a),Donald A. 'Skip' Walker,68.617217,-149.304651,Braun-Blanquet name,Salici phlebophyllae-Arctoetum alpinae Walker et al. 1994,"Dry acidic prostrate-shrub heaths (Arctous alpina, Salix phlebophylla, Empetrum heaths)",Percentage (%),,http://static.gina.alaska.edu/geobotany/Imanavait_Creek_Photos/imnavaitcreek_sw-38_plot.jpg,http://static.gina.alaska.edu/geobotany/Imanavait_Creek_Photos/imnavaitcreek_sw-38_soils.jpg
218,SW39,19840808,1984,Imnavait Creek vegetation (Walker et al. 1987a),Donald A. 'Skip' Walker,68.616891,-149.303794,Braun-Blanquet name,Salici phlebophyllae-Arctoetum alpinae Walker et al. 1994,"Dry acidic prostrate-shrub heaths (Arctous alpina, Salix phlebophylla, Empetrum heaths)",Percentage (%),,http://static.gina.alaska.edu/geobotany/Imanavait_Creek_Photos/imnavaitcreek_sw-39_plot.jpg,http://static.gina.alaska.edu/geobotany/Imanavait_Creek_Photos/imnavaitcreek_sw-39_soils.jpg
219,SW40,19840808,1984,Imnavait Creek vegetation (Walker et al. 1987a),Donald A. 'Skip' Walker,68.616633,-149.300674,Braun-Blanquet name,Carci microchaetae-Cassiopetum tetragonae Walker et al. 1994,Shallow acidic snowbeds (Cassiope-Carex microchaeta-Hylocomium communities),Percentage (%),,http://static.gina.alaska.edu/geobotany/Imanavait_Creek_Photos/imnavaitcreek_sw-40_plot.jpg,http://static.gina.alaska.edu/geobotany/Imanavait_Creek_Photos/imnavaitcreek_sw-40_soils.jpg
220,SW41,19840808,1984,Imnavait Creek vegetation (Walker et al. 1987a),Donald A. 'Skip' Walker,68.617,-149.301,Braun-Blanquet name,Carci microchaetae-Cassiopetum tetragonae Walker et al. 1994,Shallow acidic snowbeds (Cassiope-Carex microchaeta-Hylocomium communities),Percentage (%),,http://static.gina.alaska.edu/geobotany/Imanavait_Creek_Photos/imnavaitcreek_sw-41_plot.jpg,http://static.gina.alaska.edu/geobotany/Imanavait_Creek_Photos/imnavaitcreek_sw-41_soils.jpg
221,SW42,19850819,1984,Imnavait Creek vegetation (Walker et al. 1987a),Donald A. 'Skip' Walker,68.617866,-149.305632,Braun-Blanquet name,Selaginello sibiricae-Dryadetum octopetalae Walker et al. 1994,Dry acidic tundra (Dryas octopetala),Percentage (%),,http://static.gina.alaska.edu/geobotany/Imanavait_Creek_Photos/imnavaitcreek_sw-42_plot.jpg,http://static.gina.alaska.edu/geobotany/Imanavait_Creek_Photos/imnavaitcreek_sw-42_soils.jpg
222,SW43,19850821,1984,Imnavait Creek vegetation (Walker et al. 1987a),Donald A. 'Skip' Walker,68.617201,-149.303366,Braun-Blanquet name,Salici phlebophyllae-Arctoetum alpinae Walker et al. 1994,"Dry acidic prostrate-shrub heaths (Arctous alpina, Salix phlebophylla, Empetrum heaths)",Percentage (%),,http://static.gina.alaska.edu/geobotany/Imanavait_Creek_Photos/imnavaitcreek_sw-43_plot.jpg,http://static.gina.alaska.edu/geobotany/Imanavait_Creek_Photos/imnavaitcreek_sw-43_soils.jpg
223,SW44A,19850821,1984,Imnavait Creek vegetation (Walker et al. 1987a),Donald A. 'Skip' Walker,68.615561,-149.303172,Braun-Blanquet name,Carci microchaetae-Cassiopetum tetragonae Walker et al. 1994,"Dry acidic prostrate-shrub heaths (Arctous alpina, Salix phlebophylla, Empetrum heaths)",Percentage (%),,http://static.gina.alaska.edu/geobotany/Imanavait_Creek_Photos/imnavaitcreek_sw-44_plot.jpg,
224,SW44B,19850821,1984,Imnavait Creek vegetation (Walker et al. 1987a),Donald A. 'Skip' Walker,68.615561,-149.303172,Field name,"Cassiope tetragona, Salix phlebophylla, Luzula arctica, Rhacomitrium lanuginosum barren.",Shallow acidic snowbeds (Cassiope-Carex microchaeta-Hylocomium communities),Percentage (%),,http://static.gina.alaska.edu/geobotany/Imanavait_Creek_Photos/imnavaitcreek_sw-44_plot.jpg,http://static.gina.alaska.edu/geobotany/Imanavait_Creek_Photos/imnavaitcreek_sw-44_soils.jpg
225,SW45,19850821,1984,Imnavait Creek vegetation (Walker et al. 1987a),Donald A. 'Skip' Walker,68.615475,-149.303255,Braun-Blanquet name,Sphagno-Eriophoretum vaginati subass. typicum Walker et al. 1994,Willow shrub vegetation of riparian areas and warm habitats (south-facing slopes),Percentage (%),,http://static.gina.alaska.edu/geobotany/Imanavait_Creek_Photos/imnavaitcreek_sw-45_plot.jpg,http://static.gina.alaska.edu/geobotany/Imanavait_Creek_Photos/imnavaitcreek_sw-45_soils.jpg
226,SW46,19850823,1984,Imnavait Creek vegetation (Walker et al. 1987a),Donald A. 'Skip' Walker,68.618,-149.296,Braun-Blanquet name,Sphagno-Eriphoretum vaginati subass. betuletosum nanae Walker et al. 1994,Moist to wet acidic low-shrub heaths (wet to moist Betula nana-Sphagnum heaths),Percentage (%),,http://static.gina.alaska.edu/geobotany/Imanavait_Creek_Photos/imnavaitcreek_sw-46_plot.jpg,http://static.gina.alaska.edu/geobotany/Imanavait_Creek_Photos/imnavaitcreek_sw-46_soils.jpg
227,SW47,19850823,1984,Imnavait Creek vegetation (Walker et al. 1987a),Donald A. 'Skip' Walker,68.618,-149.297,Field name,"Carex aquatilis, Salix chamissonis, S. fuscescens, Drepanocladus uncinatus, Aulacomnium palustre sedge, dwarf-shrub tundra.",,Percentage (%),,http://static.gina.alaska.edu/geobotany/Imanavait_Creek_Photos/imnavaitcreek_sw-47_plot.jpg,http://static.gina.alaska.edu/geobotany/Imanavait_Creek_Photos/imnavaitcreek_sw-47_soils.jpg
228,SW48,19850823,1984,Imnavait Creek vegetation (Walker et al. 1987a),Donald A. 'Skip' Walker,68.618519,-149.295733,Braun-Blanquet name,Sphagno-Eriphoretum vaginati subass. betuletosum nanae Walker et al. 1994,Moist to wet acidic low-shrub heaths (wet to moist Betula nana-Sphagnum heaths),Percentage (%),,http://static.gina.alaska.edu/geobotany/Imanavait_Creek_Photos/imnavaitcreek_sw-48_plot.jpg,http://static.gina.alaska.edu/geobotany/Imanavait_Creek_Photos/imnavaitcreek_sw-48_soils.jpg
229,SW49,19850823,1984,Imnavait Creek vegetation (Walker et al. 1987a),Donald A. 'Skip' Walker,68.619,-149.2957,Field name,"Salix planifolia ssp. pulchra, Eriophorum angustifolium, Carex aquatilis, Drepanocladus uncinatus, Hylocomium splendens low-shrub tundra.",Willow shrub vegetation of riparian areas and warm habitats (south-facing slopes),Percentage (%),,http://static.gina.alaska.edu/geobotany/Imanavait_Creek_Photos/imnavaitcreek_sw-49_plot.jpg,http://static.gina.alaska.edu/geobotany/Imanavait_Creek_Photos/imnavaitcreek_sw-49_soils.jpg
230,SW50,19850823,1984,Imnavait Creek vegetation (Walker et al. 1987a),Donald A. 'Skip' Walker,68.61905,-149.294561,Braun-Blanquet name,Sphagno-Eriophoretum vaginati subass. typicum Walker et al. 1994,Moist to wet acidic tussock and nontussock (Eriophorum vaginatum-Carex bigelowii-Sphagnum-Hylocomium) tundra,Percentage (%),,http://static.gina.alaska.edu/geobotany/Imanavait_Creek_Photos/imnavaitcreek_sw-50_plot.jpg,http://static.gina.alaska.edu/geobotany/Imanavait_Creek_Photos/imnavaitcreek_sw-50_soils.jpg
231,SW51,19850824,1984,Imnavait Creek vegetation (Walker et al. 1987a),Donald A. 'Skip' Walker,68.619615,-149.295539,Braun-Blanquet name,Salici phlebophyllae-Arctoetum alpinae Walker et al. 1994,"Moist and dry acidic dwarf-shrub heaths (Vaccinium uliginosum, Empetrum nigrum, Ledum decumbens, some Betula nana-lichen heaths)",Percentage (%),,http://static.gina.alaska.edu/geobotany/Imanavait_Creek_Photos/imnavaitcreek_sw-51_plot.jpg,http://static.gina.alaska.edu/geobotany/Imanavait_Creek_Photos/imnavaitcreek_sw-51_soils.jpg
232,SW52,19850824,1984,Imnavait Creek vegetation (Walker et al. 1987a),Donald A. 'Skip' Walker,68.619778,-149.294451,Braun-Blanquet name,Selaginello sibiricae-Dryadetum octopetalae Walker et al. 1994,Dry acidic tundra (Dryas octopetala),Percentage (%),,http://static.gina.alaska.edu/geobotany/Imanavait_Creek_Photos/imnavaitcreek_sw-52_plot.jpg,http://static.gina.alaska.edu/geobotany/Imanavait_Creek_Photos/imnavaitcreek_sw-52_soils.jpg
233,SW53,19850824,1984,Imnavait Creek vegetation (Walker et al. 1987a),Donald A. 'Skip' Walker,68.619986,-149.294812,Braun-Blanquet name,Selaginello sibiricae-Dryadetum octopetalae Walker et al. 1994,Dry acidic tundra (Dryas octopetala),Percentage (%),,http://static.gina.alaska.edu/geobotany/Imanavait_Creek_Photos/imnavaitcreek_sw-53_plot.jpg,http://static.gina.alaska.edu/geobotany/Imanavait_Creek_Photos/imnavaitcreek_sw-53_soils.jpg
234,SW54,19850824,1984,Imnavait Creek vegetation (Walker et al. 1987a),Donald A. 'Skip' Walker,68.620237,-149.294724,Braun-Blanquet name,Selaginello sibiricae-Dryadetum octopetalae Walker et al. 1994,Dry acidic tundra (Dryas octopetala),Percentage (%),,http://static.gina.alaska.edu/geobotany/Imanavait_Creek_Photos/imnavaitcreek_sw-54_plot.jpg,http://static.gina.alaska.edu/geobotany/Imanavait_Creek_Photos/imnavaitcreek_sw-54_soils.jpg
235,SW55,19850824,1984,Imnavait Creek vegetation (Walker et al. 1987a),Donald A. 'Skip' Walker,68.620406,-149.294955,Braun-Blanquet name,Carci microchaetae-Cassiopetum tetragonae Walker et al. 1994,Shallow acidic snowbeds (Cassiope-Carex microchaeta-Hylocomium communities),Percentage (%),,http://static.gina.alaska.edu/geobotany/Imanavait_Creek_Photos/imnavaitcreek_sw-55_plot.jpg,http://static.gina.alaska.edu/geobotany/Imanavait_Creek_Photos/imnavaitcreek_sw-55_soils.jpg
236,SW56,19850825,1984,Imnavait Creek vegetation (Walker et al. 1987a),Donald A. 'Skip' Walker,68.620554,-149.294658,Braun-Blanquet name,Carci microchaetae-Cassiopetum tetragonae Walker et al. 1994,Shallow acidic snowbeds (Cassiope-Carex microchaeta-Hylocomium communities),Percentage (%),,http://static.gina.alaska.edu/geobotany/Imanavait_Creek_Photos/imnavaitcreek_sw-56_plot.jpg,http://static.gina.alaska.edu/geobotany/Imanavait_Creek_Photos/imnavaitcreek_sw-56_soils.jpg
237,SW57,19850825,1984,Imnavait Creek vegetation (Walker et al. 1987a),Donald A. 'Skip' Walker,68.620739,-149.290932,Braun-Blanquet name,Carci microchaetae-Cassiopetum tetragonae Walker et al. 1994,Shallow acidic snowbeds (Cassiope-Carex microchaeta-Hylocomium communities),Percentage (%),,http://static.gina.alaska.edu/geobotany/Imanavait_Creek_Photos/imnavaitcreek_sw-57_plot.jpg,http://static.gina.alaska.edu/geobotany/Imanavait_Creek_Photos/imnavaitcreek_sw-57_soils.jpg
238,SW58A,19850825,1984,Imnavait Creek vegetation (Walker et al. 1987a),Donald A. 'Skip' Walker,68.619776,-149.284329,Braun-Blanquet name,Selaginello sibiricae-Dryadetum octopetalae Walker et al. 1994,Dry acidic tundra (Dryas octopetala),Percentage (%),,http://static.gina.alaska.edu/geobotany/Imanavait_Creek_Photos/imnavaitcreek_sw-58_plot.jpg,http://static.gina.alaska.edu/geobotany/Imanavait_Creek_Photos/imnavaitcreek_sw-58_soils.jpg
239,SW58B,19850825,1984,Imnavait Creek vegetation (Walker et al. 1987a),Donald A. 'Skip' Walker,68.619776,-149.284329,Field name,"Carex rupestris, Minuartia obtusiloba, Silene acaulis, Cornicularia divergens barren.","Dry nonacidic tundra (Dryas integrifolia, including Dryas river terraces)",Percentage (%),,http://static.gina.alaska.edu/geobotany/Imanavait_Creek_Photos/imnavaitcreek_sw-58_plot.jpg,http://static.gina.alaska.edu/geobotany/Imanavait_Creek_Photos/imnavaitcreek_sw-58_soils.jpg
240,SW59,19850825,1984,Imnavait Creek vegetation (Walker et al. 1987a),Donald A. 'Skip' Walker,68.618633,-149.286424,Field name,"Cassiope tetragona, Dryas integrifolia, Vaccinium uliginosum, Salix reticulata, Tomenthypnum nitens, Ptilidium ciliare, Dactylina arctica, Cetraria spp., Thamnolia subuliformis dwarf-shrub, fruticose-lichen tundra.","Shallow nonacidic snowbeds (Cassiope-Dryas-Tomentypnum, and Cassiope-Dryas-lichen communities)",Percentage (%),,http://static.gina.alaska.edu/geobotany/Imanavait_Creek_Photos/imnavaitcreek_sw-59_plot.jpg,http://static.gina.alaska.edu/geobotany/Imanavait_Creek_Photos/imnavaitcreek_sw-59_soils.jpg
241,SW60,19850826,1984,Imnavait Creek vegetation (Walker et al. 1987a),Donald A. 'Skip' Walker,68.619176,-149.289707,Braun-Blanquet name,Salici phlebophyllae-Arctoetum alpinae Walker et al. 1994,"Moist and dry acidic dwarf-shrub heaths (Vaccinium uliginosum, Empetrum nigrum, Ledum decumbens, some Betula nana-lichen heaths)",Percentage (%),,http://static.gina.alaska.edu/geobotany/Imanavait_Creek_Photos/imnavaitcreek_sw-60_plot.jpg,http://static.gina.alaska.edu/geobotany/Imanavait_Creek_Photos/imnavaitcreek_sw-60_soils.jpg
242,SW61,19850826,1984,Imnavait Creek vegetation (Walker et al. 1987a),Donald A. 'Skip' Walker,-9,-9,Braun-Blanquet name,Sphagno-Eriophoretum vaginati subass. typicum Walker et al. 1994,Moist to wet acidic tussock and nontussock (Eriophorum vaginatum-Carex bigelowii-Sphagnum-Hylocomium) tundra,Percentage (%),,http://static.gina.alaska.edu/geobotany/Imanavait_Creek_Photos/imnavaitcreek_sw-61_plot.jpg,http://static.gina.alaska.edu/geobotany/Imanavait_Creek_Photos/imnavaitcreek_sw-61_soils.jpg
243,SW62,19850826,1984,Imnavait Creek vegetation (Walker et al. 1987a),Donald A. 'Skip' Walker,68.617661,-149.291235,Braun-Blanquet name,Sphagno-Eriophoretum vaginati subass. typicum Walker et al. 1994,Moist to wet acidic tussock and nontussock (Eriophorum vaginatum-Carex bigelowii-Sphagnum-Hylocomium) tundra,Percentage (%),,http://static.gina.alaska.edu/geobotany/Imanavait_Creek_Photos/imnavaitcreek_sw-62_plot.jpg,http://static.gina.alaska.edu/geobotany/Imanavait_Creek_Photos/imnavaitcreek_sw-62_soils.jpg
244,SW63,19850826,1984,Imnavait Creek vegetation (Walker et al. 1987a),Donald A. 'Skip' Walker,68.615927,-149.301127,Field name,"Rhizocarpon geographicum, Xanthoparmelia separata, X. centrifuga, Cornicularia divergens, Umbilicaria spp. lichen barren.",Lichen communities on silicate rocks,Percentage (%),,http://static.gina.alaska.edu/geobotany/Imanavait_Creek_Photos/imnavaitcreek_sw-63_plot.jpg,
245,SW64,19850827,1984,Imnavait Creek vegetation (Walker et al. 1987a),Donald A. 'Skip' Walker,68.616542,-149.323828,Field name,"Xanthoparmelia centrifuga, Rhizocarpon spp., Lecidea spp., Umbilicaria spp. lichen barren.",Lichen communities on silicate rocks,Percentage (%),,http://static.gina.alaska.edu/geobotany/Imanavait_Creek_Photos/imnavaitcreek_sw-64_plot.jpg,
246,SW65,19850826,1984,Imnavait Creek vegetation (Walker et al. 1987a),Donald A. 'Skip' Walker,68.618028,-149.31852,Field name,Sparganium hyperboreum forb marsh.,"Aquatic forb marshes (Hippuris, Sparganium, Menyanthes, Utricularia, Ranunculus communities)",Percentage (%),,http://static.gina.alaska.edu/geobotany/Imanavait_Creek_Photos/imnavaitcreek_sw-65_plot.jpg,
247,SW66,19850827,1984,Imnavait Creek vegetation (Walker et al. 1987a),Donald A. 'Skip' Walker,68.616369,-149.318001,Field name,Sparganium hyperboreum forb marsh.,"Aquatic forb marshes (Hippuris, Sparganium, Menyanthes, Utricularia, Ranunculus communities)",Percentage (%),,http://static.gina.alaska.edu/geobotany/Imanavait_Creek_Photos/imnavaitcreek_sw-66_plot.jpg,
248,SW67,19850829,1984,Imnavait Creek vegetation (Walker et al. 1987a),Donald A. 'Skip' Walker,68.625,-149.305,Braun-Blanquet name,Sphagno-Eriophoretum vaginati subass. typicum Walker et al. 1994,"Moist and dry acidic dwarf-shrub heaths (Vaccinium uliginosum, Empetrum nigrum, Ledum decumbens, some Betula nana-lichen heaths)",Percentage (%),,,
249,SW68,19850829,1984,Imnavait Creek vegetation (Walker et al. 1987a),Donald A. 'Skip' Walker,68.606,-149.312,Field name,"Calamagrostis canadensis, Salix chamissonis, Polemonium acutiflorum grass tundra.",Moist nonacidic tundra (Sedge-Dryas-Tomentypnum communities),Percentage (%),,,
250,SW69,19850830,1984,Imnavait Creek vegetation (Walker et al. 1987a),Donald A. 'Skip' Walker,68.616,-149.301,Field name,"Luzula arctica, Juncus biglumis barren.","Frost boil vegetation in acidic tundra (Anthelia, Juncus communities)",Percentage (%),,,
251,SW70,19850830,1984,Imnavait Creek vegetation (Walker et al. 1987a),Donald A. 'Skip' Walker,68.604,-149.23,Field name,"Vaccinium vitis-idaea, Luzula arctica, Juncus biglumis barren.","Frost boil vegetation in acidic tundra (Anthelia, Juncus communities)",Percentage (%),,,
252,SW71,19850831,1984,Imnavait Creek vegetation (Walker et al. 1987a),Donald A. 'Skip' Walker,68.625,-149.296,Field name,"Juncus biglumis, Eriophorum vaginatum barren.","Frost boil vegetation in acidic tundra (Anthelia, Juncus communities)",Percentage (%),,,
253,SW72,19850901,1984,Imnavait Creek vegetation (Walker et al. 1987a),Donald A. 'Skip' Walker,68.62,-149.304,Field name,"Salix rotundifolia, Saxifraga rivularis, Saxifraga nelsoniana, Hypnum sp., Stereocaulon tomentosum dwarf-shrub, moss tundra.","Moderately drained deep snowbeds (Salix rotundifolia, S. polaris, S. herbacea snowbeds)",Percentage (%),,,
254,SW73,19850901,1984,Imnavait Creek vegetation (Walker et al. 1987a),Donald A. 'Skip' Walker,68.62,-149.301,Field name,"Salix rotundifolia, Arnica lessingii, Carex microchaeta, Hypnum sp. dwarf-shrub tundra.","Moderately drained deep snowbeds (Salix rotundifolia, S. polaris, S. herbacea snowbeds)",Percentage (%),,,